"","x"
"1","USA_CA_LACPHL_AF00517_2021"
"2","USA_CA_LACPHL_AF00573_2021"
"3","USA_CA_CDC_2_4173847_2021"
"4","USA_CA_LACPHL_AF01118_2021"
"5","USA_CA_LACPHL_AF01514_2021"
"6","USA_CA_LACPHL_AF02152_2021"
"7","USA_CA_CDPH1003_2021"
"8","USA_CA_CDPH_3000028156_2021"
"9","USA_CA_LACPHL_AF00668_2021"
"10","USA_CA_LACPHL_AF00718_2021"
"11","USA_CA_CDPH_2000042709_2021"
"12","USA_CA_CDPH_3000039150_2021"
"13","USA_CA_CDPH_3000022008_2021"
"14","USA_CA_LACPHL_AF00299_2021"
"15","USA_CA_LACPHL_AF00678_2021"
"16","USA_CA_LACPHL_AF00856_2021"
"17","USA_CA_CDPH_3000030067_2021"
"18","USA_CA_CDPH_3000028312_2021"
"19","USA_CA_LACPHL_AF01318_2021"
"20","USA_CA_CDPH_2000049342_2021"
"21","USA_CA_CDPH_3000052427_2021"
"22","USA_CA_CDPH_3000052426_2021"
"23","USA_CA_LACPHL_AF00740_2021"
"24","USA_CA_CDC_2_4282910_2021"
"25","USA_CA_LACPHL_AF01058_2021"
"26","USA_CA_LACPHL_AF01083_2021"
"27","USA_CA_CDPH_3000030369_2021"
"28","USA_CA_CDPH_3000007401_2021"
"29","USA_CA_CDCBI_FlowHealth_00436_2021"
"30","USA_CA_LACPHL_AF00854_2021"
"31","USA_CA_LACPHL_AF00881_2021"
"32","USA_CA_CDCBI_FlowHealth_00507_2021"
"33","USA_CA_CDPH_3000047875_2021"
"34","USA_CA_CDPH_2000044521_2021"
"35","USA_CA_CDPH_3000006051_2021"
"36","USA_CA_CDPH_3000053659_2021"
"37","USA_CA_CDC_2_4174057_2021"
"38","USA_CA_CSMC136_2021"
"39","USA_CA_CSMC56_2021"
"40","USA_CA_CDC_2_4242795_2021"
"41","USA_CA_CDC_2_4242791_2021"
"42","USA_CA_LACPHL_AF01104_2021"
"43","USA_CA_CDPH_3000009948_2021"
"44","USA_CA_LACPHL_AF01040_2021"
"45","USA_CA_LACPHL_AF01456_2021"
"46","USA_CA_LACPHL_AF02234_2021"
"47","USA_CA_LACPHL_AF02231_2021"
"48","USA_CA_LACPHL_AF02232_2021"
"49","USA_CA_CDPH_3000021825_2021"
"50","USA_CA_CDC_2_4176943_2021"
"51","USA_CA_CDC_2_4451271_2021"
"52","USA_CA_CSMC72_2021"
"53","USA_CA_CSMC64_2021"
"54","USA_CA_LACPHL_AF01021_2021"
"55","USA_CA_CDPH_3000047876_2021"
"56","USA_CA_CDPH_3000005763_2021"
"57","USA_CA_CDPH_2000046773_2021"
"58","USA_CA_CDPH_2000046926_2021"
"59","USA_CA_CDPH_2000046997_2021"
"60","USA_CA_CDPH_2000047005_2021"
"61","USA_CA_CDPH_3000032764_2021"
"62","USA_CA_CDPH_3000032769_2021"
"63","USA_CA_CDPH_2000046797_2021"
"64","USA_CA_CDPH_2000046850_2021"
"65","USA_CA_CDPH_2000046772_2021"
"66","USA_CA_CDPH_3000032696_2021"
"67","USA_CA_LACPHL_AF00869_2021"
"68","USA_CA_CDPH_3000053248_2021"
"69","USA_CA_CDPH_2000048376_2021"
"70","USA_CA_CDPH_3000040693_2021"
"71","USA_CA_CDPH_3000030194_2021"
"72","USA_CA_CDPH_3000049374_2021"
"73","USA_CA_CDPH_2000048546_2021"
"74","USA_CA_CDPH_3000040745_2021"
"75","USA_CA_CDPH_2000048554_2021"
"76","USA_CA_CDPH_3000031376_2021"
"77","USA_CA_LACPHL_AF01048_2021"
"78","USA_CA_LACPHL_AF02226_2021"
"79","USA_CA_LACPHL_AF00870_2021"
"80","USA_CA_LACPHL_AF01336_2021"
"81","USA_CA_CDPH_3000120188_2021"
"82","USA_CA_CDPH_3000051475_2021"
"83","USA_CA_CDPH_3000018594_2021"
"84","USA_CA_CDPH_3000015173_2021"
"85","USA_CA_CDPH_3000050932_2021"
"86","USA_CA_LACPHL_AF00980_2021"
"87","USA_CA_LACPHL_AF01142_2021"
"88","USA_CA_CDPH_3000028515_2021"
"89","USA_CA_CDPH_3000014172_2021"
"90","USA_CA_CDPH_3000010700_2021"
"91","USA_CA_CDPH_3000053620_2021"
"92","USA_CA_CSMC68_2021"
"93","USA_CA_CSMC321_2021"
"94","USA_CA_LACPHL_AF00851_2021"
"95","USA_CA_CDC_2_4282818_2021"
"96","USA_CA_CDC_2_4502945_2021"
"97","USA_CA_CDC_2_4451297_2021"
"98","USA_CA_CDPH_2000046080_2021"
"99","USA_CA_CDPH_3000048658_2021"
"100","USA_CA_CSMC232_2021"
"101","USA_CA_CDPH_2000045244_2021"
"102","USA_CA_CDPH_3000006928_2021"
"103","USA_CA_LACPHL_AF00871_2021"
"104","USA_CA_LACPHL_AF00949_2021"
"105","USA_CA_LACPHL_AF00553_2021"
"106","USA_CA_LACPHL_AF01437_2021"
"107","USA_CA_CDPH_6000009938_2021"
"108","USA_CA_CDC_2_4282816_2021"
"109","USA_CA_CDC_2_4173988_2021"
"110","USA_CA_CDC_2_4174053_2021"
"111","USA_CA_LACPHL_AF00368_2021"
"112","USA_CA_LACPHL_AF01141_2021"
"113","USA_CA_LACPHL_AF01140_2021"
"114","USA_CA_LACPHL_AF00645_2021"
"115","USA_CA_LACPHL_AF00941_2021"
"116","USA_CA_CDPH_2000046867_2021"
"117","USA_CA_CDPH_2000046913_2021"
"118","USA_CA_CDPH_2000048157_2021"
"119","USA_CA_CDPH_2000046883_2021"
"120","USA_CA_CSMC148_2021"
"121","USA_CA_CSMC160_2021"
"122","USA_CA_CDC_2_4173972_2021"
"123","USA_CA_LACPHL_AF00946_2021"
"124","USA_CA_CDPH_2000049496_2021"
"125","USA_CA_LACPHL_AF00833_2021"
"126","USA_CA_LACPHL_AF01122_2021"
"127","USA_CA_LACPHL_AF01207_2021"
"128","USA_CA_LACPHL_AF01371_2021"
"129","USA_CA_CDPH_3000030626_2021"
"130","USA_CA_CDPH_2000047269_2021"
"131","USA_CA_CDC_2_4214147_2021"
"132","USA_CA_CDC_2_4214121_2021"
"133","USA_CA_LACPHL_AF01049_2021"
"134","USA_CA_LACPHL_AF01372_2021"
"135","USA_CA_LACPHL_AF01025_2021"
"136","USA_CA_CDPH_2000046426_2021"
"137","USA_CA_CDPH_3000031320_2021"
"138","USA_CA_LACPHL_AF01030_2021"
"139","USA_CA_CSMC41_2021"
"140","USA_CA_CDPH_3000053069_2021"
"141","USA_CA_CDPH_2000045239_2021"
"142","USA_CA_CDPH_2000047916_2021"
"143","USA_CA_CDPH_3000028914_2021"
"144","USA_CA_CDPH_2000045705_2021"
"145","USA_CA_CDPH_3000012265_2021"
"146","USA_CA_CDPH_3000007006_2021"
"147","USA_CA_CDPH_3000012213_2021"
"148","USA_CA_CDPH_3000006609_2021"
"149","USA_CA_CDPH_3000016512_2021"
"150","USA_CA_CDPH_3000029893_2021"
"151","USA_CA_CDPH_3000012863_2021"
"152","USA_CA_CDPH_3000049605_2021"
"153","USA_CA_CDPH_3000046481_2021"
"154","USA_CA_CDPH_3000025009_2021"
"155","USA_CA_CDPH_2000048615_2021"
"156","USA_CA_LACPHL_AF00524_2021"
"157","USA_CA_LACPHL_AF00973_2021"
"158","USA_CA_CSMC78_2021"
"159","USA_CA_LACPHL_AF00574_2021"
"160","USA_CA_CDPH_3000027742_2021"
"161","USA_CA_CDPH_3000010699_2021"
"162","USA_CA_CDPH_3000028517_2021"
"163","USA_CA_LACPHL_AF00598_2021"
"164","USA_CA_LACPHL_AF00667_2021"
"165","USA_CA_LACPHL_AF00765_2021"
"166","USA_CA_LACPHL_AF01007_2021"
"167","USA_CA_LACPHL_AF04344_2021"
"168","USA_CA_LACPHL_AF01742_2021"
"169","USA_CA_CDPH_3000026880_2021"
"170","USA_CA_CDPH_3000029786_2021"
"171","USA_CA_LACPHL_AF00697_2021"
"172","USA_CA_CDC_2_4242860_2021"
"173","USA_CA_LACPHL_AF00726_2021"
"174","USA_CA_LACPHL_AF00788_2021"
"175","USA_CA_LACPHL_AF00836_2021"
"176","USA_CA_LACPHL_AF00804_2021"
"177","USA_CA_LACPHL_AF00809_2021"
"178","USA_CA_LACPHL_AF00815_2021"
"179","USA_CA_LACPHL_AF00811_2021"
"180","USA_CA_LACPHL_AF00816_2021"
"181","USA_CA_LACPHL_AF00749_2021"
"182","USA_CA_LACPHL_AF00742_2021"
"183","USA_CA_LACPHL_AF00766_2021"
"184","USA_CA_LACPHL_AF00743_2021"
"185","USA_CA_LACPHL_AF00859_2021"
"186","USA_CA_LACPHL_AF00752_2021"
"187","USA_CA_LACPHL_AF00772_2021"
"188","USA_CA_LACPHL_AF00748_2021"
"189","USA_CA_LACPHL_AF00745_2021"
"190","USA_CA_LACPHL_AF00819_2021"
"191","USA_CA_LACPHL_AF00750_2021"
"192","USA_CA_LACPHL_AF00789_2021"
"193","USA_CA_LACPHL_AF00898_2021"
"194","USA_CA_LACPHL_AF00770_2021"
"195","USA_CA_LACPHL_AF00731_2021"
"196","USA_CA_LACPHL_AF00754_2021"
"197","USA_CA_LACPHL_AF00817_2021"
"198","USA_CA_LACPHL_AF00822_2021"
"199","USA_CA_LACPHL_AF00820_2021"
"200","USA_CA_LACPHL_AF00801_2021"
"201","USA_CA_LACPHL_AF00795_2021"
"202","USA_CA_LACPHL_AF00753_2021"
"203","USA_CA_LACPHL_AF00755_2021"
"204","USA_CA_LACPHL_AF00802_2021"
"205","USA_CA_LACPHL_AF00807_2021"
"206","USA_CA_LACPHL_AF00823_2021"
"207","USA_CA_LACPHL_AF00812_2021"
"208","USA_CA_LACPHL_AF00837_2021"
"209","USA_CA_LACPHL_AF00769_2021"
"210","USA_CA_LACPHL_AF00794_2021"
"211","USA_CA_LACPHL_AF00830_2021"
"212","USA_CA_LACPHL_AF00827_2021"
"213","USA_CA_LACPHL_AF00821_2021"
"214","USA_CA_LACPHL_AF00835_2021"
"215","USA_CA_LACPHL_AF00810_2021"
"216","USA_CA_LACPHL_AF00803_2021"
"217","USA_CA_LACPHL_AF00843_2021"
"218","USA_CA_LACPHL_AF00824_2021"
"219","USA_CA_LACPHL_AF00786_2021"
"220","USA_CA_LACPHL_AF00768_2021"
"221","USA_CA_LACPHL_AF00808_2021"
"222","USA_CA_LACPHL_AF00825_2021"
"223","USA_CA_LACPHL_AF00841_2021"
"224","USA_CA_CDC_2_4214238_2021"
"225","USA_CA_CDC_2_4242796_2021"
"226","USA_CA_CDPH_3000044247_2021"
"227","USA_CA_CDPH_3000048657_2021"
"228","USA_CA_CDPH_2000046796_2021"
"229","USA_CA_LACPHL_AF01233_2021"
"230","USA_CA_CDPH_3000048661_2021"
"231","USA_CA_CDPH_3000050667_2021"
"232","USA_CA_CDPH_2000046754_2021"
"233","USA_CA_CDPH_2000046757_2021"
"234","USA_CA_CDPH_3000006108_2021"
"235","USA_CA_CDPH_2000040754_2021"
"236","USA_CA_CDPH_3000020612_2021"
"237","USA_CA_CDPH_3000019305_2021"
"238","USA_CA_CDPH_3000022026_2021"
"239","USA_CA_CDPH_3000016286_2021"
"240","USA_CA_CDPH_2000045114_2021"
"241","USA_CA_CDPH_3000013290_2021"
"242","USA_CA_CDPH_3000013310_2021"
"243","USA_CA_CDPH_3000013289_2021"
"244","USA_CA_CDC_2_4242853_2021"
"245","USA_CA_CDC_2_4242770_2021"
"246","USA_CA_LACPHL_AF01130_2021"
"247","USA_CA_CDPH_2000047567_2021"
"248","USA_CA_CDPH_3000030127_2021"
"249","USA_CA_CDPH_2000048391_2021"
"250","USA_CA_CDPH_3000030065_2021"
"251","USA_CA_CDPH_MC2075522_2021"
"252","USA_CA_CSMC180_2021"
"253","USA_CA_CSMC77_2021"
"254","USA_CA_CSMC89_2021"
"255","USA_CA_CSMC220_2021"
"256","USA_CA_CDC_2_4282750_2021"
"257","USA_CA_LACPHL_AF01215_2021"
"258","USA_CA_LACPHL_AF01224_2021"
"259","USA_CA_LACPHL_AF00875_2021"
"260","USA_CA_LACPHL_AF00988_2021"
"261","USA_CA_LACPHL_AF00889_2021"
"262","USA_CA_LACPHL_AF00927_2021"
"263","USA_CA_LACPHL_AF01010_2021"
"264","USA_CA_LACPHL_AF00929_2021"
"265","USA_CA_LACPHL_AF00932_2021"
"266","USA_CA_LACPHL_AF00928_2021"
"267","USA_CA_LACPHL_AF00934_2021"
"268","USA_CA_LACPHL_AF00937_2021"
"269","USA_CA_LACPHL_AF00935_2021"
"270","USA_CA_CDPH_3000031393_2021"
"271","USA_CA_CDPH_2000047257_2021"
"272","USA_CA_CDC_2_4214214_2021"
"273","USA_CA_CDC_2_4242797_2021"
"274","USA_CA_CDC_2_4282911_2021"
"275","USA_CA_CDPH_2000044960_2021"
"276","USA_CA_CDCBI_FlowHealth_10252_2021"
"277","USA_CA_LACPHL_AF01327_2021"
"278","USA_CA_LACPHL_AF01029_2021"
"279","USA_CA_CDPH_2000046786_2021"
"280","USA_CA_CDPH_3000044243_2021"
"281","USA_CA_CDPH_2000046780_2021"
"282","USA_CA_CDPH_3000044244_2021"
"283","USA_CA_CDPH_2000046829_2021"
"284","USA_CA_CSMC122_2021"
"285","USA_CA_LACPHL_AF01044_2021"
"286","USA_CA_LACPHL_AF01330_2021"
"287","USA_CA_CDCBI_FlowHealth_00522_2021"
"288","USA_CA_LACPHL_AF00985_2021"
"289","USA_CA_CDPH_3000048659_2021"
"290","USA_CA_LACPHL_AF01221_2021"
"291","USA_CA_CDPH_2000047019_2021"
"292","USA_CA_LACPHL_AF00996_2021"
"293","USA_CA_LACPHL_AF01162_2021"
"294","USA_CA_CDPH_3000045854_2021"
"295","USA_CA_LACPHL_AF01016_2021"
"296","USA_CA_LACPHL_AF01066_2021"
"297","USA_CA_CDPH_3000006462_2021"
"298","USA_CA_CDPH_3000006293_2021"
"299","USA_CA_LACPHL_AF01070_2021"
"300","USA_CA_LACPHL_AF01186_2021"
"301","USA_CA_LACPHL_AF01309_2021"
"302","USA_CA_CDPH_3000036247_2021"
"303","USA_CA_CDPH_3000008265_2021"
"304","USA_CA_CDPH_3000005732_2021"
"305","USA_CA_LACPHL_AF00891_2021"
"306","USA_CA_CDPH_2000045625_2021"
"307","USA_CA_CDPH_2000045631_2021"
"308","USA_CA_CDC_2_4214243_2021"
"309","USA_CA_CDPH_3000044318_2021"
"310","USA_CA_CDPH_3000047160_2021"
"311","USA_CA_CDPH_3000052979_2021"
"312","USA_CA_CDPH_3000052981_2021"
"313","USA_CA_CDPH_3000049753_2021"
"314","USA_CA_CDPH_2000046988_2021"
"315","USA_CA_CSMC162_2021"
"316","USA_CA_LACPHL_AF02113_2021"
"317","USA_CA_LACPHL_AF00551_2021"
"318","USA_CA_CSMC307_2021"
"319","USA_CA_CDPH_3000034795_2021"
"320","USA_CA_CDPH_3000023190_2021"
"321","USA_CA_CDPH_3000023468_2021"
"322","USA_CA_CDPH_3000028636_2021"
"323","USA_CA_CDPH_3000017554_2021"
"324","USA_CA_CDPH_3000018608_2021"
"325","USA_CA_CDPH_3000014499_2021"
"326","USA_CA_CDPH_3000044851_2021"
"327","USA_CA_CDPH_3000050888_2021"
"328","USA_CA_LACPHL_AF00569_2021"
"329","USA_CA_CDPH_3000023414_2021"
"330","USA_CA_LACPHL_AF01217_2021"
"331","USA_CA_CDPH_3000053241_2021"
"332","USA_CA_CDPH_3000026466_2021"
"333","USA_CA_CDPH_3000026465_2021"
"334","USA_CA_LACPHL_AF00468_2021"
"335","USA_CA_CDPH_3000028926_2021"
"336","USA_CA_LACPHL_AF00512_2021"
"337","USA_CA_CDPH_3000045059_2021"
"338","USA_CA_CDPH_3000019382_2021"
"339","USA_CA_CDC_2_3975964_2021"
"340","USA_CA_CDC_2_3975895_2021"
"341","USA_CA_CDPH742_2021"
"342","USA_CA_CDPH_2000042713_2021"
"343","USA_CA_LACPHL_AF01100_2021"
"344","USA_CA_CDPH_2000047652_2021"
"345","USA_CA_CDPH_3000034538_2021"
"346","USA_CA_CDPH_3000045443_2021"
"347","USA_CA_CDPH_2000048696_2021"
"348","USA_CA_CDPH_2000048133_2021"
"349","USA_CA_CDPH_2000049199_2021"
"350","USA_CA_CDPH_3000050669_2021"
"351","USA_CA_CDPH_3000040584_2021"
"352","USA_CA_CDPH_3000040569_2021"
"353","USA_CA_CDPH_2000048117_2021"
"354","USA_CA_CDPH_2000048126_2021"
"355","USA_CA_CDPH_3000040654_2021"
"356","USA_CA_LACPHL_AF00887_2021"
"357","USA_CA_CDPH_3000015578_2021"
"358","USA_CA_CDPH_3000010339_2021"
"359","USA_CA_CDPH_3000133023_2021"
"360","USA_CA_CDPH_3000137749_2021"
"361","USA_CA_CDPH_3000134778_2021"
"362","USA_CA_LACPHL_AF01324_2021"
"363","USA_CA_LACPHL_AF01522_2021"
"364","USA_CA_LACPHL_AF02830_2021"
"365","USA_CA_CDC_2_4282811_2021"
"366","USA_CA_CDPH_3000015174_2021"
"367","USA_CA_CDPH_2000049520_2021"
"368","USA_CA_CDPH_2000049528_2021"
"369","USA_CA_CDPH_2000049575_2021"
"370","USA_CA_CDPH_2000049536_2021"
"371","USA_CA_CDPH_3000053462_2021"
"372","USA_CA_CDPH_3000054462_2021"
"373","USA_CA_CDPH_3000053465_2021"
"374","USA_CA_CDPH_3000053466_2021"
"375","USA_CA_CDPH_3000006104_2021"
"376","USA_CA_CDPH_2000048404_2021"
"377","USA_CA_CDPH_3000040318_2021"
"378","USA_CA_CDPH_3000005930_2021"
"379","USA_CA_LACPHL_AF01204_2021"
"380","USA_CA_LACPHL_AF01310_2021"
"381","USA_CA_CSMC76_2021"
"382","USA_CA_CSMC100_2021"
"383","USA_CA_CDPH_3000030028_2021"
"384","USA_CA_LACPHL_AF00677_2021"
"385","USA_CA_LACPHL_AF00676_2021"
"386","USA_CA_LACPHL_AF00981_2021"
"387","USA_CA_LACPHL_AF00983_2021"
"388","USA_CA_CDPH_2000042182_2021"
"389","USA_CA_CDPH_3000031047_2021"
"390","USA_CA_LACPHL_AF01038_2021"
"391","USA_CA_CSMC132_2021"
"392","USA_CA_CDPH_3000050816_2021"
"393","USA_CA_LACPHL_AF01598_2021"
"394","USA_CA_CDPH_3000008356_2021"
"395","USA_CA_CDPH_3000009419_2021"
"396","USA_CA_CDPH_3000048234_2021"
"397","USA_CA_CDPH_2000044327_2021"
"398","USA_CA_CSMC287_2021"
"399","USA_CA_LACPHL_AF01322_2021"
"400","USA_CA_LACPHL_AF01062_2021"
"401","USA_CA_CDPH_2000048666_2021"
"402","USA_CA_CDPH_3000008445_2021"
"403","USA_CA_CDPH_3000039667_2021"
"404","USA_CA_CDPH_3000006128_2021"
"405","USA_CA_CDPH_3000051665_2021"
"406","USA_CA_CDPH_3000045907_2021"
"407","USA_CA_CDPH_3000053190_2021"
"408","USA_CA_CDPH_2000049105_2021"
"409","USA_CA_LACPHL_AF00696_2021"
"410","USA_CA_CDC_2_4174058_2021"
"411","USA_CA_CDC_2_4242777_2021"
"412","USA_CA_LACPHL_AF04348_2021"
"413","USA_CA_CDPH_3000053619_2021"
"414","USA_CA_CDPH_3000025400_2021"
"415","USA_CA_CDC_2_4173827_2021"
"416","USA_CA_CDC_2_4173956_2021"
"417","USA_CA_CSMC17_2021"
"418","USA_CA_CDPH_3000117639_2021"
"419","USA_CA_CDPH_3000045698_2021"
"420","USA_CA_CDPH_3000032424_2021"
"421","USA_CA_CDPH_3000032423_2021"
"422","USA_CA_CDPH_2000048885_2021"
"423","USA_CA_CDPH_3000039671_2021"
"424","USA_CA_CDPH_3000015630_2021"
"425","USA_CA_CDPH_3000005999_2021"
"426","USA_CA_LACPHL_AF00554_2021"
"427","USA_CA_CSMC154_2021"
"428","USA_CA_LACPHL_AF00971_2021"
"429","USA_CA_CDPH_2000049004_2021"
"430","USA_CA_CDPH_3000036054_2021"
"431","USA_CA_CDPH_3000053573_2021"
"432","USA_CA_LACPHL_AF00575_2021"
"433","USA_CA_LACPHL_AF00669_2021"
"434","USA_CA_LACPHL_AF00680_2021"
"435","USA_CA_LACPHL_AF01003_2021"
"436","USA_CA_LACPHL_AF00732_2021"
"437","USA_CA_CDCBI_FlowHealth_00437_2021"
"438","USA_CA_LACPHL_AF01768_2021"
"439","USA_CA_LACPHL_AF01079_2021"
"440","USA_CA_LACPHL_AF01115_2021"
"441","USA_CA_LACPHL_AF00940_2021"
"442","USA_CA_LACPHL_AF02235_2021"
"443","USA_CA_CSMC54_2021"
"444","USA_CA_CSMC27_2021"
"445","USA_CA_CSMC51_2021"
"446","USA_CA_CDC_2_4214115_2021"
"447","USA_CA_CDC_2_4214128_2021"
"448","USA_CA_CDC_2_4242877_2021"
"449","USA_CA_CSMC86_2021"
"450","USA_CA_CDPH_2000046570_2021"
"451","USA_CA_CDC_2_4242892_2021"
"452","USA_CA_LACPHL_AF01433_2021"
"453","USA_CA_CDPH_2000046882_2021"
"454","USA_CA_CDPH_2000046889_2021"
"455","USA_CA_LACPHL_AF01422_2021"
"456","USA_CA_CSMC22_2021"
"457","USA_CA_CSMC74_2021"
"458","USA_CA_CSMC174_2021"
"459","USA_CA_CSMC12_2021"
"460","USA_CA_CDPH_3000026882_2021"
"461","USA_CA_CDPH_3000006140_2021"
"462","USA_CA_CDPH_3000006142_2021"
"463","USA_CA_CDC_2_4282848_2021"
"464","USA_CA_CDPH_3000007642_2021"
"465","USA_CA_CDPH_3000007641_2021"
"466","USA_CA_CDPH_3000007598_2021"
"467","USA_CA_LACPHL_AF02344_2021"
"468","USA_CA_CDC_2_4242792_2021"
"469","USA_CA_LACPHL_AF01064_2021"
"470","USA_CA_CDPH_3000032949_2021"
"471","USA_CA_LACPHL_AF01323_2021"
"472","USA_CA_LACPHL_AF01395_2021"
"473","USA_CA_CDPH_3000031378_2021"
"474","USA_CA_LACPHL_AF01818_2021"
"475","USA_CA_LACPHL_AF02196_2021"
"476","USA_CA_LACPHL_AF02166_2021"
"477","USA_CA_LACPHL_AF02175_2021"
"478","USA_CA_CDPH_3000100708_2021"
"479","USA_CA_CDPH_3000118916_2021"
"480","USA_CA_CDPH_3000050302_2021"
"481","USA_CA_CDPH_3000005857_2021"
"482","USA_CA_CDPH_3000051461_2021"
"483","USA_CA_CDPH_2000045353_2021"
"484","USA_CA_CDPH_3000013275_2021"
"485","USA_CA_CDPH_3000013284_2021"
"486","USA_CA_CDPH_3000118937_2021"
"487","USA_CA_CDPH_2000046579_2021"
"488","USA_CA_CDPH_3000032878_2021"
"489","USA_CA_CDPH_3000032827_2021"
"490","USA_CA_CDPH_3000032879_2021"
"491","USA_CA_LACPHL_AF01393_2021"
"492","USA_CA_LACPHL_AF01149_2021"
"493","USA_CA_CDPH_3000031379_2021"
"494","USA_CA_CDPH_3000051635_2021"
"495","USA_CA_LACPHL_AF01446_2021"
"496","USA_CA_CDPH_3000047459_2021"
"497","USA_CA_CDPH_2000044511_2021"
"498","USA_CA_CDPH_3000006139_2021"
"499","USA_CA_CDC_2_4173953_2021"
"500","USA_CA_CDC_2_4242867_2021"
"501","USA_CA_CDC_2_4242780_2021"
"502","USA_CA_CDC_2_4242769_2021"
"503","USA_CA_LACPHL_AF01146_2021"
"504","USA_CA_LACPHL_AF00903_2021"
"505","USA_CA_LACPHL_AF00912_2021"
"506","USA_CA_LACPHL_AF01234_2021"
"507","USA_CA_LACPHL_AF00899_2021"
"508","USA_CA_LACPHL_AF00930_2021"
"509","USA_CA_LACPHL_AF01235_2021"
"510","USA_CA_LACPHL_AF00904_2021"
"511","USA_CA_CDC_2_4242772_2021"
"512","USA_CA_CSMC52_2021"
"513","USA_CA_CDC_2_4282905_2021"
"514","USA_CA_CDC_2_4451277_2021"
"515","USA_CA_CDPH_2000046912_2021"
"516","USA_CA_CDPH_2000046836_2021"
"517","USA_CA_CDPH_2000042725_2021"
"518","USA_CA_CDPH_3000019311_2021"
"519","USA_CA_CDPH_3000044794_2021"
"520","USA_CA_CDPH_3000025370_2021"
"521","USA_CA_LACPHL_AF00919_2021"
"522","USA_CA_LACPHL_AF00920_2021"
"523","USA_CA_LACPHL_AF00921_2021"
"524","USA_CA_LACPHL_AF00923_2021"
"525","USA_CA_CDC_2_4502848_2021"
"526","USA_CA_LACPHL_AF00918_2021"
"527","USA_CA_CDPH_3000008506_2021"
"528","USA_CA_CDCBI_FlowHealth_10245_2021"
"529","USA_CA_CDPH_3000010287_2021"
"530","USA_CA_LACPHL_AF01189_2021"
"531","USA_CA_CDPH_2000048094_2021"
"532","USA_CA_CDPH_3000040620_2021"
"533","USA_CA_CDPH_3000050840_2021"
"534","USA_CA_LACPHL_AF00922_2021"
"535","USA_CA_LACPHL_AF01088_2021"
"536","USA_CA_LACPHL_AF01398_2021"
"537","USA_CA_LACPHL_AF01397_2021"
"538","USA_CA_CDPH_3000119905_2021"
"539","USA_CA_CDPH_3000118637_2021"
"540","USA_CA_LACPHL_AF00933_2021"
"541","USA_CA_CDPH_3000008403_2021"
"542","USA_CA_LACPHL_AF01042_2021"
"543","USA_CA_LACPHL_AF01045_2021"
"544","USA_CA_CDPH_3000005706_2021"
"545","USA_CA_CDPH_3000009051_2021"
"546","USA_CA_CDPH_3000008856_2021"
"547","USA_CA_CSMC222_2021"
"548","USA_CA_CDPH_3000100021_2021"
"549","USA_CA_LACPHL_AF01138_2021"
"550","USA_CA_CDPH_3000030068_2021"
"551","USA_CA_CDPH_3000054461_2021"
"552","USA_CA_CDPH_3000054677_2021"
"553","USA_CA_CDPH_3000053964_2021"
"554","USA_CA_LACPHL_AF01011_2021"
"555","USA_CA_LACPHL_AF01129_2021"
"556","USA_CA_CDPH_2000047006_2021"
"557","USA_CA_CSMC62_2021"
"558","USA_CA_LACPHL_AF02230_2021"
"559","USA_CA_CDPH_3000030526_2021"
"560","USA_CA_CDPH_3000020950_2021"
"561","USA_CA_CDPH_3000051663_2021"
"562","USA_CA_LACPHL_AF00552_2021"
"563","USA_CA_LACPHL_AF00620_2021"
"564","USA_CA_LACPHL_AF00860_2021"
"565","USA_CA_LACPHL_AF00665_2021"
"566","USA_CA_LACPHL_AF00855_2021"
"567","USA_CA_CDC_2_4214120_2021"
"568","USA_CA_CDC_2_4242890_2021"
"569","USA_CA_CDC_2_4242870_2021"
"570","USA_CA_CDC_2_4282812_2021"
"571","USA_CA_CDC_2_4242781_2021"
"572","USA_CA_CDC_2_4173996_2021"
"573","USA_CA_LACPHL_AF01521_2021"
"574","USA_CA_LACPHL_AF02246_2021"
"575","USA_CA_CDPH_3000150785_2021"
"576","USA_CA_CSMC120_2021"
"577","USA_CA_CSMC184_2021"
"578","USA_CA_LACPHL_AF01135_2021"
"579","USA_CA_CDPH_3000032594_2021"
"580","USA_CA_CDPH_2000047226_2021"
"581","USA_CA_CDPH_2000049166_2021"
"582","USA_CA_CSMC221_2021"
"583","USA_CA_LACPHL_AF01229_2021"
"584","USA_CA_LACPHL_AF01005_2021"
"585","USA_CA_LACPHL_AF01052_2021"
"586","USA_CA_LACPHL_AF01134_2021"
"587","USA_CA_LACPHL_AF05391_2021"
"588","USA_CA_LACPHL_AF00648_2021"
"589","USA_CA_LACPHL_AF01056_2021"
"590","USA_CA_LACPHL_AF01117_2021"
"591","USA_CA_LACPHL_AF00858_2021"
"592","USA_CA_LACPHL_AF00852_2021"
"593","USA_CA_LACPHL_AF00926_2021"
"594","USA_CA_LACPHL_AF01051_2021"
"595","USA_CA_LACPHL_AF00998_2021"
"596","USA_CA_LACPHL_AF01001_2021"
"597","USA_CA_LACPHL_AF01026_2021"
"598","USA_CA_LACPHL_AF01027_2021"
"599","USA_CA_LACPHL_AF00712_2021"
"600","USA_CA_LACPHL_AF00913_2021"
"601","USA_CA_LACPHL_AF01191_2021"
"602","USA_CA_CDPH_3000118083_2021"
"603","USA_CA_LACPHL_AF00845_2021"
"604","USA_CA_CDCBI_FlowHealth_00341_2021"
"605","USA_CA_CDPH_3000153550_2021"
"606","USA_CA_CDPH_3000151262_2021"
"607","USA_CA_CDPH_3000053429_2021"
"608","USA_CA_CDPH_3000043956_2021"
"609","USA_CA_LACPHL_AF01581_2021"
"610","USA_CA_LACPHL_AF00714_2021"
"611","USA_CA_CDPH_3000019308_2021"
"612","USA_CA_CDPH_2000048623_2021"
"613","USA_CA_CDPH_3000040563_2021"
"614","USA_CA_CDPH_3000039880_2021"
"615","USA_CA_LACPHL_AF00679_2021"
"616","USA_CA_LACPHL_AF00729_2021"
"617","USA_CA_LACPHL_AF00709_2021"
"618","USA_CA_CDPH_3000050877_2021"
"619","USA_CA_LACPHL_AF04342_2021"
"620","USA_CA_CDPH_3000124231_2021"
"621","USA_CA_CDPH_3000124230_2021"
"622","USA_CA_CDPH_3000027506_2021"
"623","USA_CA_LACPHL_AF02229_2021"
"624","USA_CA_CDPH_2000049614_2021"
"625","USA_CA_CDPH_3000031713_2021"
"626","USA_CA_CDPH_3000031714_2021"
"627","USA_CA_CDPH_2000047517_2021"
"628","USA_CA_CDPH_2000047524_2021"
"629","USA_CA_CDPH_3000013642_2021"
"630","USA_CA_CDPH_3000015569_2021"
"631","USA_CA_CDPH_3000032563_2021"
"632","USA_CA_CDPH_3000039721_2021"
"633","USA_CA_CDPH_3000039537_2021"
"634","USA_CA_CDPH_3000015689_2021"
"635","USA_CA_CDPH_3000007313_2021"
"636","USA_CA_LACPHL_AF01203_2021"
"637","USA_CA_CDC_2_4242789_2021"
"638","USA_CA_CDPH_3000127860_2021"
"639","USA_CA_CDPH_3000100745_2021"
"640","USA_CA_CDPH_3000100744_2021"
"641","USA_CA_CDPH_3000100748_2021"
"642","USA_CA_CDPH_3000100741_2021"
"643","USA_CA_LACPHL_AF01373_2021"
"644","USA_CA_CDPH_MC2094314_2021"
"645","USA_CA_CDPH_2000041152_2021"
"646","USA_CA_CDPH_2000047820_2021"
"647","USA_CA_CDPH_3000032007_2021"
"648","USA_CA_CDPH_3000033905_2021"
"649","USA_CA_CDPH_2000048631_2021"
"650","USA_CA_CDPH_3000040491_2021"
"651","USA_CA_CDPH_3000039701_2021"
"652","USA_CA_CDPH_3000043863_2021"
"653","USA_CA_CDPH_3000010229_2021"
"654","USA_CA_LACPHL_AF00844_2021"
"655","USA_CA_CDPH_2000041676_2021"
"656","USA_CA_LACPHL_AF01046_2021"
"657","USA_CA_LACPHL_AF01071_2021"
"658","USA_CA_CDPH_2000042722_2021"
"659","USA_CA_CDPH_2000044517_2021"
"660","USA_CA_CDPH_3000046624_2021"
"661","USA_CA_CDPH_3000052434_2021"
"662","USA_CA_CDPH_3000052437_2021"
"663","USA_CA_CDPH_3000052435_2021"
"664","USA_CA_CDPH_3000005989_2021"
"665","USA_CA_CDPH_2000043813_2021"
"666","USA_CA_CDPH_3000051303_2021"
"667","USA_CA_CDPH_3000051304_2021"
"668","USA_CA_CDPH_2000045350_2021"
"669","USA_CA_CDPH_3000006130_2021"
"670","USA_CA_CDPH_3000017235_2021"
"671","USA_CA_CDC_2_4173975_2021"
"672","USA_CA_CDC_2_4214250_2021"
"673","USA_CA_LACPHL_AF00890_2021"
"674","USA_CA_CDC_2_4173828_2021"
"675","USA_CA_LACPHL_AF01150_2021"
"676","USA_CA_CDPH_3000024659_2021"
"677","USA_CA_LACPHL_AF01068_2021"
"678","USA_CA_LACPHL_AF01438_2021"
"679","USA_CA_LACPHL_AF02169_2021"
"680","USA_CA_CDPH_3000133006_2021"
"681","USA_CA_LACPHL_AF01199_2021"
"682","USA_CA_CDPH_2000049622_2021"
"683","USA_CA_LACPHL_AF00702_2021"
"684","USA_CA_LACPHL_AF00707_2021"
"685","USA_CA_CDC_2_4242794_2021"
"686","USA_CA_CDC_2_4451380_2021"
"687","USA_CA_CDPH_3000032968_2021"
"688","USA_CA_CDPH_2000048202_2021"
"689","USA_CA_CDPH_3000040606_2021"
"690","USA_CA_CDPH_2000048140_2021"
"691","USA_CA_CDPH_2000043913_2021"
"692","USA_CA_CDPH_3000031375_2021"
"693","USA_CA_LACPHL_AF00888_2021"
"694","USA_CA_LACPHL_AF00666_2021"
"695","USA_CA_CDC_2_4214236_2021"
"696","USA_CA_CSMC66_2021"
"697","USA_CA_CDC_2_4214242_2021"
"698","USA_CA_LACPHL_AF00992_2021"
"699","USA_CA_CSMC137_2021"
"700","USA_CA_LACPHL_AF00883_2021"
"701","USA_CA_LACPHL_AF01082_2021"
"702","USA_CA_LACPHL_AF01125_2021"
"703","USA_CA_LACPHL_AF01239_2021"
"704","USA_CA_CDPH_6000001929_2021"
"705","USA_CA_CDC_2_4242700_2021"
"706","USA_CA_LACPHL_AF01196_2021"
"707","USA_CA_LACPHL_AF00776_2021"
"708","USA_CA_LACPHL_AF00892_2021"
"709","USA_CA_LACPHL_AF01065_2021"
"710","USA_CA_LACPHL_AF00905_2021"
"711","USA_CA_LACPHL_AF00853_2021"
"712","USA_CA_CSMC161_2021"
"713","USA_CA_CDC_2_4214219_2021"
"714","USA_CA_LACPHL_AF01041_2021"
"715","USA_CA_LACPHL_AF01137_2021"
"716","USA_CA_LACPHL_AF01328_2021"
"717","USA_CA_CDPH_3000040977_2021"
"718","USA_CA_LACPHL_AF01391_2021"
"719","USA_CA_CDC_2_4242886_2021"
"720","USA_CA_CDC_2_4242878_2021"
"721","USA_CA_CDC_2_4369030_2021"
"722","USA_CA_LACPHL_AF01346_2021"
"723","USA_CA_CSMC125_2021"
"724","USA_CA_CDC_2_4214229_2021"
"725","USA_CA_CDC_2_4214148_2021"
"726","USA_CA_LACPHL_AF00873_2021"
"727","USA_CA_LACPHL_AF00942_2021"
"728","USA_CA_CDC_2_4242761_2021"
"729","USA_CA_CDC_2_4214141_2021"
"730","USA_CA_CDPH_3000008263_2021"
"731","USA_CA_LACPHL_AF01151_2021"
"732","USA_CA_LACPHL_AF01166_2021"
"733","USA_CA_CDPH_2000049358_2021"
"734","USA_CA_CDPH_2000049350_2021"
"735","USA_CA_CDPH_3000008301_2021"
"736","USA_CA_CDC_2_3973064_2021"
"737","USA_CA_CDC_2_4242759_2021"
"738","USA_CA_LACPHL_AF01113_2021"
"739","USA_CA_LACPHL_AF01238_2021"
"740","USA_CA_LACPHL_AF01308_2021"
"741","USA_CA_CSMC33_2021"
"742","USA_CA_LACPHL_AF01019_2021"
"743","USA_CA_LACPHL_AF01216_2021"
"744","USA_CA_LACPHL_AF04341_2021"
"745","USA_CA_LACPHL_AF04346_2021"
"746","USA_CA_CDPH_3000034000_2021"
"747","USA_CA_CDPH_2000046787_2021"
"748","USA_CA_CDPH_2000047576_2021"
"749","USA_CA_CDPH_3000032482_2021"
"750","USA_CA_CDPH_3000049838_2021"
"751","USA_CA_CDPH_3000051095_2021"
"752","USA_CA_CDPH_3000051101_2021"
"753","USA_CA_LACPHL_AF01237_2021"
"754","USA_CA_LACPHL_AF01244_2021"
"755","USA_CA_LACPHL_AF01031_2021"
"756","USA_CA_CSMC98_2021"
"757","USA_CA_CDPH_2000047851_2021"
"758","USA_CA_CDPH_2000048561_2021"
"759","USA_CA_CDPH_3000031377_2021"
"760","USA_CA_CDPH_3000040682_2021"
"761","USA_CA_CDPH_2000048497_2021"
"762","USA_CA_CDPH_2000046083_2021"
"763","USA_CA_CDPH_3000047504_2021"
"764","USA_CA_CDPH_3000043823_2021"
"765","USA_CA_CDPH_3000050523_2021"
"766","USA_CA_LACPHL_AF00787_2021"
"767","USA_CA_CDPH_3000028913_2021"
"768","USA_CA_CDPH_3000039529_2021"
"769","USA_CA_CDPH_3000028915_2021"
"770","USA_CA_CDPH_3000052542_2021"
"771","USA_CA_CDPH_3000052543_2021"
"772","USA_CA_CDPH_3000032010_2021"
"773","USA_CA_CDPH_3000047182_2021"
"774","USA_CA_CDPH_3000023301_2021"
"775","USA_CA_CDPH_3000011939_2021"
"776","USA_CA_CDPH_3000017543_2021"
"777","USA_CA_CDPH_3000013625_2021"
"778","USA_CA_CDPH_3000013645_2021"
"779","USA_CA_CDPH_3000011929_2021"
"780","USA_CA_CDPH_3000011944_2021"
"781","USA_CA_CDPH_3000050520_2021"
"782","USA_CA_LACPHL_AF02162_2021"
"783","USA_CA_LACPHL_AF00681_2021"
"784","USA_CA_LACPHL_AF00791_2021"
"785","USA_CA_LACPHL_AF01367_2021"
"786","USA_CA_CDPH_3000045491_2021"
"787","USA_CA_CDPH_2000046897_2021"
"788","USA_CA_CDPH_2000023678_2021"
"789","USA_CA_LACPHL_AF00274_2021"
"790","USA_CA_LACPHL_AF00342_2021"
"791","USA_CA_LACPHL_AF00793_2021"
"792","USA_CA_LACPHL_AF04343_2021"
"793","USA_CA_LACPHL_AF00995_2021"
"794","USA_CA_LACPHL_AF00997_2021"
"795","USA_CA_CDPH_2000045498_2021"
"796","USA_CA_CDPH_2000048577_2021"
"797","USA_CA_CDC_2_4242762_2021"
"798","USA_CA_CDPH_2000049510_2021"
"799","USA_CA_CDC_2_4174052_2021"
"800","USA_CA_CDC_2_4282829_2021"
"801","USA_CA_LACPHL_AF02093_2021"
"802","USA_HI_H200479_2020"
"803","USA_HI_H200719_2020"
"804","USA_HI_CDC_2_4068561_2020"
"805","USA_HI_H200744_2020"
"806","USA_HI_H211039_2021"
"807","USA_HI_H210978_2021"
"808","USA_HI_H210835_2020"
"809","USA_HI_H210837_2020"
"810","USA_HI_H210855_2020"
"811","USA_HI_H210856_2020"
"812","USA_HI_H210985_2020"
"813","USA_HI_H210927_2020"
"814","USA_HI_H200711_2020"
"815","USA_HI_H210808_2020"
"816","USA_HI_H200729_2020"
"817","USA_HI_H210810_2020"
"818","USA_HI_H210949_2020"
"819","USA_HI_H210833_2020"
"820","USA_HI_H210824_2020"
"821","USA_HI_H212057_2020"
"822","USA_HI_H210773_2020"
"823","USA_HI_H210783_2020"
"824","USA_HI_H210799_2020"
"825","USA_HI_H200746_2020"
"826","USA_HI_H210822_2020"
"827","USA_HI_H210877_2020"
"828","USA_HI_H210947_2020"
"829","USA_HI_H200762_2020"
"830","USA_HI_H210857_2020"
"831","USA_HI_H211037_2021"
"832","USA_HI_H200708_2020"
"833","USA_HI_H200728_2020"
"834","USA_HI_H210838_2020"
"835","USA_HI_H200713_2020"
"836","USA_HI_H210926_2020"
"837","USA_HI_H200715_2020"
"838","USA_HI_H200758_2020"
"839","USA_HI_H210849_2020"
"840","USA_HI_H210956_2021"
"841","USA_HI_H200764_2020"
"842","USA_HI_H210953_2020"
"843","USA_HI_H200759_2020"
"844","USA_HI_H200756_2020"
"845","USA_HI_H210907_2020"
"846","USA_HI_H200733_2020"
"847","USA_HI_H200741_2020"
"848","USA_HI_H210805_2020"
"849","USA_HI_H210809_2020"
"850","USA_HI_H200710_2020"
"851","USA_HI_H200743_2020"
"852","USA_HI_H210802_2020"
"853","USA_HI_H210803_2020"
"854","USA_HI_H200755_2020"
"855","USA_HI_H210903_2020"
"856","USA_HI_H200760_2020"
"857","USA_HI_H200706_2020"
"858","USA_HI_H200714_2020"
"859","USA_HI_H200736_2020"
"860","USA_HI_H210807_2020"
"861","USA_HI_H210844_2020"
"862","USA_HI_H200705_2020"
"863","USA_HI_H200716_2020"
"864","USA_HI_H211020_2021"
"865","USA_HI_H210840_2020"
"866","USA_HI_H210891_2021"
"867","USA_HI_H210892_2021"
"868","USA_HI_H210885_2021"
"869","USA_HI_H200724_2020"
"870","USA_HI_H200747_2020"
"871","USA_HI_H200721_2020"
"872","USA_HI_H210832_2020"
"873","USA_HI_H210881_2020"
"874","USA_HI_H210847_2020"
"875","USA_HI_H200738_2020"
"876","USA_HI_H210882_2020"
"877","USA_HI_H200732_2020"
"878","USA_HI_H210964_2021"
"879","USA_HI_H200740_2020"
"880","USA_HI_H200722_2020"
"881","USA_HI_H210823_2020"
"882","USA_HI_H200761_2020"
"883","USA_HI_H210772_2020"
"884","USA_HI_H211066_2020"
"885","USA_HI_H210784_2020"
"886","USA_HI_H210785_2020"
"887","USA_HI_H210800_2020"
"888","USA_HI_H210951_2020"
"889","USA_HI_H210769_2020"
"890","USA_HI_H200707_2020"
"891","USA_HI_H200739_2020"
"892","USA_HI_H210908_2020"
"893","USA_HI_H210839_2020"
"894","USA_HI_H210801_2020"
"895","USA_HI_H200727_2020"
"896","USA_HI_H210910_2020"
"897","USA_HI_H210851_2020"
"898","USA_HI_H210909_2020"
"899","USA_HI_H211073_2020"
"900","USA_HI_H210924_2020"
"901","USA_HI_H210987_2020"
"902","USA_HI_H210770_2020"
"903","USA_HI_H200731_2020"
"904","USA_HI_H211071_2020"
"905","USA_HI_H210797_2020"
"906","USA_HI_H210876_2020"
"907","USA_HI_H210923_2020"
"908","USA_HI_H210878_2020"
"909","USA_HI_H210880_2020"
"910","USA_HI_H210879_2020"
"911","USA_HI_H210893_2021"
"912","USA_HI_H210890_2021"
"913","USA_HI_H210850_2020"
"914","USA_HI_H210946_2020"
"915","USA_HI_H211070_2020"
"916","USA_HI_H211072_2020"
"917","USA_HI_H211069_2020"
"918","USA_HI_H210976_2020"
"919","USA_HI_H210886_2021"
"920","USA_HI_H210889_2021"
"921","USA_HI_H210952_2020"
"922","USA_HI_H210938_2021"
"923","USA_HI_H210963_2021"
"924","USA_HI_H210845_2020"
"925","USA_HI_H210888_2021"
"926","USA_HI_H210853_2020"
"927","USA_HI_H210912_2021"
"928","USA_HI_H210911_2021"
"929","USA_HI_H210966_2021"
"930","USA_HI_H210961_2021"
"931","USA_HI_H210960_2021"
"932","USA_HI_H210958_2021"
"933","USA_HI_H210959_2021"
"934","USA_HI_H210975_2020"
"935","USA_HI_H210852_2020"
"936","USA_HI_H210962_2021"
"937","USA_HI_H200709_2020"
"938","USA_HI_H200735_2020"
"939","USA_HI_H200734_2020"
"940","USA_HI_H210854_2020"
"941","USA_HI_H200723_2020"
"942","USA_HI_H210796_2020"
"943","USA_HI_H210836_2020"
"944","USA_HI_H210825_2020"
"945","USA_HI_H200726_2020"
"946","USA_HI_H210834_2020"
"947","USA_HI_H200754_2020"
"948","USA_HI_H210950_2020"
"949","USA_HI_H210830_2020"
"950","USA_HI_H200742_2020"
"951","USA_HI_H210771_2020"
"952","USA_HI_H210905_2020"
"953","USA_HI_H210779_2020"
"954","USA_HI_H210781_2020"
"955","USA_HI_H210948_2020"
"956","USA_HI_H200730_2020"
"957","USA_HI_H200763_2020"
"958","USA_HI_H200757_2020"
"959","USA_HI_H200748_2020"
"960","USA_HI_H210887_2021"
"961","USA_HI_H210983_2020"
"962","USA_HI_H210971_2020"
"963","USA_HI_CDC_2_4068580_2021"
"964","USA_HI_H211049_2021"
"965","USA_HI_H211091_2021"
"966","USA_HI_H210943_2021"
"967","USA_HI_H211508_2021"
"968","USA_HI_H210815_2021"
"969","USA_HI_H210865_2021"
"970","USA_HI_H210894_2021"
"971","USA_HI_H210899_2021"
"972","USA_HI_H210918_2021"
"973","USA_HI_H210869_2021"
"974","USA_HI_H210900_2021"
"975","USA_HI_H210816_2021"
"976","USA_HI_H210820_2021"
"977","USA_HI_H210898_2021"
"978","USA_HI_H210818_2021"
"979","USA_HI_H210988_2021"
"980","USA_HI_H210819_2021"
"981","USA_HI_H210821_2021"
"982","USA_HI_H210863_2021"
"983","USA_HI_H210871_2021"
"984","USA_HI_H210873_2021"
"985","USA_HI_H210870_2021"
"986","USA_HI_H210868_2021"
"987","USA_HI_H210872_2021"
"988","USA_HI_H210915_2021"
"989","USA_HI_H210942_2021"
"990","USA_HI_H210941_2021"
"991","USA_HI_H210817_2021"
"992","USA_HI_H200750_2020"
"993","USA_HI_H210829_2020"
"994","USA_HI_H210804_2020"
"995","USA_HI_H210843_2020"
"996","USA_HI_H210828_2020"
"997","USA_HI_H200753_2020"
"998","USA_HI_H210798_2020"
"999","USA_HI_H200752_2020"
"1000","USA_HI_H210970_2020"
"1001","USA_HI_H210827_2020"
"1002","USA_HI_H210977_2020"
"1003","USA_HI_H210954_2021"
"1004","USA_HI_H211055_2020"
"1005","USA_HI_H211054_2020"
"1006","USA_HI_H210955_2021"
"1007","USA_HI_H210904_2020"
"1008","USA_HI_H200712_2020"
"1009","USA_HI_H210806_2020"
"1010","USA_HI_H211089_2020"
"1011","USA_HI_H200749_2020"
"1012","USA_HI_H210826_2020"
"1013","USA_HI_H210986_2020"
"1014","USA_HI_H210928_2021"
"1015","USA_HI_H210780_2020"
"1016","USA_HI_H200725_2020"
"1017","USA_HI_H210906_2020"
"1018","USA_HI_H200751_2020"
"1019","USA_HI_H210842_2020"
"1020","USA_HI_H210841_2020"
"1021","USA_HI_H210831_2020"
"1022","USA_HI_H200737_2020"
"1023","USA_HI_H210858_2020"
"1024","USA_HI_H200745_2020"
"1025","USA_HI_CDC_2_3714074_2020"
"1026","USA_HI_H200524_2020"
"1027","USA_HI_CDC_2_3713991_2020"
"1028","USA_HI_CDC_2_3713972_2020"
"1029","USA_HI_CDC_2_3713994_2020"
"1030","USA_HI_H200526_2020"
"1031","USA_HI_H200539_2020"
"1032","USA_HI_H200527_2020"
"1033","USA_HI_H200529_2020"
"1034","USA_HI_H200528_2020"
"1035","USA_HI_H200523_2020"
"1036","USA_HI_H200596_2020"
"1037","USA_HI_H200595_2020"
"1038","USA_HI_H200525_2020"
"1039","USA_HI_H200522_2020"
"1040","USA_HI_H200521_2020"
"1041","USA_HI_H200588_2020"
"1042","USA_HI_H200358_2020"
"1043","USA_HI_CDC_2_4068595_2020"
"1044","USA_HI_H200281_2020"
"1045","USA_HI_H200350_2020"
"1046","USA_HI_H200352_2020"
"1047","USA_HI_H200458_2020"
"1048","USA_HI_H200436_2020"
"1049","USA_HI_H200498_2020"
"1050","USA_HI_H200454_2020"
"1051","USA_HI_H200353_2020"
"1052","USA_HI_H200382_2020"
"1053","USA_HI_H200359_2020"
"1054","USA_HI_H200392_2020"
"1055","USA_HI_H200365_2020"
"1056","USA_HI_H200386_2020"
"1057","USA_HI_H200387_2020"
"1058","USA_HI_H200485_2020"
"1059","USA_HI_H200597_2020"
"1060","USA_HI_H200497_2020"
"1061","USA_HI_H200601_2020"
"1062","USA_HI_H200623_2020"
"1063","USA_HI_H200357_2020"
"1064","USA_HI_H200364_2020"
"1065","USA_HI_H200390_2020"
"1066","USA_HI_H200393_2020"
"1067","USA_HI_H200599_2020"
"1068","USA_HI_H200488_2020"
"1069","USA_HI_H200428_2020"
"1070","USA_HI_H200363_2020"
"1071","USA_HI_H200384_2020"
"1072","USA_HI_H200480_2020"
"1073","USA_HI_H200600_2020"
"1074","USA_HI_H200490_2020"
"1075","USA_HI_H200345_2020"
"1076","USA_HI_CDC_2_3713978_2020"
"1077","USA_HI_H200501_2020"
"1078","USA_HI_H200348_2020"
"1079","USA_HI_H200385_2020"
"1080","USA_HI_H200171_2020"
"1081","USA_HI_H200493_2020"
"1082","USA_HI_H200598_2020"
"1083","USA_HI_H200602_2020"
"1084","USA_HI_H200164_2020"
"1085","USA_HI_H200624_2020"
"1086","USA_HI_H200344_2020"
"1087","USA_HI_H200249_2020"
"1088","USA_HI_H200266_2020"
"1089","USA_HI_H200457_2020"
"1090","USA_HI_H200389_2020"
"1091","USA_HI_H200383_2020"
"1092","USA_HI_H200330_2020"
"1093","USA_HI_H200156_2020"
"1094","USA_HI_H200575_2020"
"1095","USA_HI_H200391_2020"
"1096","USA_HI_H200487_2020"
"1097","USA_HI_H200486_2020"
"1098","USA_HI_H200283_2020"
"1099","USA_HI_H200261_2020"
"1100","USA_HI_H200366_2020"
"1101","USA_HI_H200430_2020"
"1102","USA_HI_H200431_2020"
"1103","USA_HI_H200470_2020"
"1104","USA_HI_H200433_2020"
"1105","USA_HI_H200437_2020"
"1106","USA_HI_H200447_2020"
"1107","USA_HI_H200429_2020"
"1108","USA_HI_H200471_2020"
"1109","USA_HI_H200466_2020"
"1110","USA_HI_H200434_2020"
"1111","USA_HI_H200448_2020"
"1112","USA_HI_H200499_2020"
"1113","USA_HI_H200180_2020"
"1114","USA_HI_H200576_2020"
"1115","USA_HI_H200621_2020"
"1116","USA_HI_H200577_2020"
"1117","USA_HI_H200253_2020"
"1118","USA_HI_H200259_2020"
"1119","USA_HI_H200414_2020"
"1120","USA_HI_H200481_2020"
"1121","USA_HI_H200516_2020"
"1122","USA_HI_H200162_2020"
"1123","USA_HI_H200331_2020"
"1124","USA_HI_H200362_2020"
"1125","USA_HI_H200388_2020"
"1126","USA_HI_H200456_2020"
"1127","USA_HI_H200519_2020"
"1128","USA_HI_H200503_2020"
"1129","USA_HI_H200515_2020"
"1130","USA_HI_H200504_2020"
"1131","USA_HI_H200622_2020"
"1132","USA_HI_H210916_2021"
"1133","USA_HI_H200409_2020"
"1134","USA_HI_H200328_2020"
"1135","USA_HI_H200505_2020"
"1136","USA_HI_H200329_2020"
"1137","USA_HI_H200543_2020"
"1138","USA_HI_H200545_2020"
"1139","USA_HI_H200585_2020"
"1140","USA_HI_H200586_2020"
"1141","USA_HI_H200546_2020"
"1142","USA_HI_H200544_2020"
"1143","USA_HI_H200426_2020"
"1144","USA_HI_H200411_2020"
"1145","USA_HI_H200446_2020"
"1146","USA_HI_H200445_2020"
"1147","USA_HI_H200467_2020"
"1148","USA_HI_H200473_2020"
"1149","USA_HI_H200578_2020"
"1150","USA_HI_H200580_2020"
"1151","USA_HI_H200579_2020"
"1152","USA_HI_H200360_2020"
"1153","USA_HI_H200438_2020"
"1154","USA_HI_H200461_2020"
"1155","USA_HI_H200468_2020"
"1156","USA_HI_H200450_2020"
"1157","USA_HI_H200460_2020"
"1158","USA_HI_H200669_2020"
"1159","USA_HI_H200672_2020"
"1160","USA_HI_H200670_2020"
"1161","USA_HI_H200459_2020"
"1162","USA_HI_H200671_2020"
"1163","USA_HI_H200693_2020"
"1164","USA_HI_H210788_2020"
"1165","USA_HI_H200469_2020"
"1166","USA_HI_H200440_2020"
"1167","USA_HI_H200355_2020"
"1168","USA_HI_H200377_2020"
"1169","USA_HI_H200399_2020"
"1170","USA_HI_H200356_2020"
"1171","USA_HI_H200402_2020"
"1172","USA_HI_H200376_2020"
"1173","USA_HI_H200401_2020"
"1174","USA_HI_H200367_2020"
"1175","USA_HI_H200368_2020"
"1176","USA_HI_H200395_2020"
"1177","USA_HI_H200397_2020"
"1178","USA_HI_H200396_2020"
"1179","USA_HI_H200379_2020"
"1180","USA_HI_H200400_2020"
"1181","USA_HI_H200398_2020"
"1182","USA_HI_H200403_2020"
"1183","USA_HI_H200404_2020"
"1184","USA_HI_H200133_2020"
"1185","USA_HI_H200174_2020"
"1186","USA_HI_H200207_2020"
"1187","USA_HI_H200270_2020"
"1188","USA_HI_H200290_2020"
"1189","USA_HI_H200185_2020"
"1190","USA_HI_H200182_2020"
"1191","USA_HI_H200183_2020"
"1192","USA_HI_H200176_2020"
"1193","USA_HI_H200188_2020"
"1194","USA_HI_H200222_2020"
"1195","USA_HI_H200507_2020"
"1196","USA_HI_H200307_2020"
"1197","USA_HI_H200335_2020"
"1198","USA_HI_H200311_2020"
"1199","USA_HI_H200297_2020"
"1200","USA_HI_H200310_2020"
"1201","USA_HI_H200220_2020"
"1202","USA_HI_H200309_2020"
"1203","USA_HI_H200315_2020"
"1204","USA_HI_H200195_2020"
"1205","USA_HI_H200228_2020"
"1206","USA_HI_H200308_2020"
"1207","USA_HI_H200206_2020"
"1208","USA_HI_H200204_2020"
"1209","USA_HI_H200299_2020"
"1210","USA_HI_H200332_2020"
"1211","USA_HI_H200236_2020"
"1212","USA_HI_H200342_2020"
"1213","USA_HI_H200381_2020"
"1214","USA_HI_H200208_2020"
"1215","USA_HI_H200267_2020"
"1216","USA_HI_H200239_2020"
"1217","USA_HI_H200217_2020"
"1218","USA_HI_H200235_2020"
"1219","USA_HI_H200322_2020"
"1220","USA_HI_H200343_2020"
"1221","USA_HI_H200246_2020"
"1222","USA_HI_H200337_2020"
"1223","USA_HI_H200247_2020"
"1224","USA_HI_H200294_2020"
"1225","USA_HI_H200250_2020"
"1226","USA_HI_H200263_2020"
"1227","USA_HI_H200190_2020"
"1228","USA_HI_H200192_2020"
"1229","USA_HI_H200273_2020"
"1230","USA_HI_H200202_2020"
"1231","USA_HI_H200223_2020"
"1232","USA_HI_H200225_2020"
"1233","USA_HI_H200306_2020"
"1234","USA_HI_H200237_2020"
"1235","USA_HI_H200301_2020"
"1236","USA_HI_H200233_2020"
"1237","USA_HI_H200234_2020"
"1238","USA_HI_H200224_2020"
"1239","USA_HI_H200240_2020"
"1240","USA_HI_H200213_2020"
"1241","USA_HI_H200305_2020"
"1242","USA_HI_H200420_2020"
"1243","USA_HI_H200200_2020"
"1244","USA_HI_H200251_2020"
"1245","USA_HI_H200252_2020"
"1246","USA_HI_H200189_2020"
"1247","USA_HI_H200196_2020"
"1248","USA_HI_H200229_2020"
"1249","USA_HI_H200226_2020"
"1250","USA_HI_H200417_2020"
"1251","USA_HI_H200205_2020"
"1252","USA_HI_H200415_2020"
"1253","USA_HI_H200421_2020"
"1254","USA_HI_H200508_2020"
"1255","USA_HI_H200280_2020"
"1256","USA_HI_H200509_2020"
"1257","USA_HI_H200300_2020"
"1258","USA_HI_H200272_2020"
"1259","USA_HI_H200191_2020"
"1260","USA_HI_H200193_2020"
"1261","USA_HI_H200302_2020"
"1262","USA_HI_H200418_2020"
"1263","USA_HI_H200419_2020"
"1264","USA_HI_H200194_2020"
"1265","USA_HI_H200227_2020"
"1266","USA_HI_H200231_2020"
"1267","USA_HI_H200230_2020"
"1268","USA_HI_H200219_2020"
"1269","USA_HI_H200218_2020"
"1270","USA_HI_H200221_2020"
"1271","USA_HI_H200201_2020"
"1272","USA_HI_H200198_2020"
"1273","USA_HI_H200212_2020"
"1274","USA_HI_H200199_2020"
"1275","USA_HI_H200296_2020"
"1276","USA_HI_H200298_2020"
"1277","USA_HI_H200293_2020"
"1278","USA_HI_H200216_2020"
"1279","USA_HI_H200232_2020"
"1280","USA_HI_H200214_2020"
"1281","USA_HI_H200274_2020"
"1282","USA_HI_H200244_2020"
"1283","USA_HI_H200295_2020"
"1284","USA_HI_H200510_2020"
"1285","USA_HI_H200340_2020"
"1286","USA_HI_H200477_2020"
"1287","USA_HI_H200197_2020"
"1288","USA_HI_H200422_2020"
"1289","USA_HI_H200215_2020"
"1290","USA_HI_H200209_2020"
"1291","USA_HI_H200325_2020"
"1292","USA_HI_H200304_2020"
"1293","USA_HI_H200211_2020"
"1294","USA_HI_H200241_2020"
"1295","USA_HI_H200264_2020"
"1296","USA_HI_H200334_2020"
"1297","USA_HI_H200336_2020"
"1298","USA_HI_H200333_2020"
"1299","USA_HI_H200349_2020"
"1300","USA_HI_H200455_2020"
"1301","USA_HI_H200441_2020"
"1302","USA_HI_H200584_2020"
"1303","USA_HI_H200472_2020"
"1304","USA_HI_H200548_2020"
"1305","USA_HI_H200423_2020"
"1306","USA_HI_H200442_2020"
"1307","USA_HI_H200439_2020"
"1308","USA_HI_H200424_2020"
"1309","USA_HI_H200425_2020"
"1310","USA_HI_H200492_2020"
"1311","USA_HI_H200154_2020"
"1312","USA_HI_H200184_2020"
"1313","USA_HI_H200277_2020"
"1314","USA_HI_H200175_2020"
"1315","USA_HI_H200287_2020"
"1316","USA_HI_H200292_2020"
"1317","USA_HI_H211155_2021"
"1318","USA_HI_H211168_2021"
"1319","USA_HI_H200257_2020"
"1320","USA_HI_H200271_2020"
"1321","USA_HI_H200351_2020"
"1322","USA_HI_H200354_2020"
"1323","USA_HI_H200181_2020"
"1324","USA_HI_H200179_2020"
"1325","USA_HI_H200203_2020"
"1326","USA_HI_H200303_2020"
"1327","USA_HI_H200238_2020"
"1328","USA_HI_H200265_2020"
"1329","USA_HI_H200701_2020"
"1330","USA_HI_H200178_2020"
"1331","USA_HI_H200254_2020"
"1332","USA_HI_H200408_2020"
"1333","USA_HI_H200258_2020"
"1334","USA_HI_H200482_2020"
"1335","USA_HI_H200483_2020"
"1336","USA_HI_H200276_2020"
"1337","USA_HI_H200288_2020"
"1338","USA_HI_H200412_2020"
"1339","USA_HI_H200289_2020"
"1340","USA_HI_H200406_2020"
"1341","USA_HI_H200173_2020"
"1342","USA_HI_H200163_2020"
"1343","USA_HI_H200513_2020"
"1344","USA_HI_H200170_2020"
"1345","USA_HI_H200187_2020"
"1346","USA_HI_H200339_2020"
"1347","USA_HI_H200210_2020"
"1348","USA_HI_H200242_2020"
"1349","USA_HI_H200245_2020"
"1350","USA_HI_H200317_2020"
"1351","USA_HI_H200514_2020"
"1352","USA_HI_H200243_2020"
"1353","USA_HI_H200255_2020"
"1354","USA_HI_H200248_2020"
"1355","USA_HI_H200262_2020"
"1356","USA_HI_H200323_2020"
"1357","USA_HI_H200319_2020"
"1358","USA_HI_H200282_2020"
"1359","USA_HI_H200275_2020"
"1360","USA_HI_H200278_2020"
"1361","USA_HI_H200346_2020"
"1362","USA_HI_H200347_2020"
"1363","USA_HI_H200279_2020"
"1364","USA_HI_H200326_2020"
"1365","USA_HI_H200327_2020"
"1366","USA_HI_H200407_2020"
"1367","USA_HI_H200502_2020"
"1368","USA_HI_H200427_2020"
"1369","USA_HI_H200574_2020"
"1370","USA_HI_H200312_2020"
"1371","USA_HI_H200324_2020"
"1372","USA_HI_H200318_2020"
"1373","USA_HI_H200256_2020"
"1374","USA_HI_H200268_2020"
"1375","USA_HI_H200269_2020"
"1376","USA_HI_H200453_2020"
"1377","USA_HI_H200361_2020"
"1378","USA_HI_H200444_2020"
"1379","USA_HI_H200475_2020"
"1380","USA_HI_H200451_2020"
"1381","USA_HI_H200530_2020"
"1382","USA_HI_H200534_2020"
"1383","USA_HI_H200553_2020"
"1384","USA_HI_H200566_2020"
"1385","USA_HI_H200537_2020"
"1386","USA_HI_H200563_2020"
"1387","USA_HI_H200567_2020"
"1388","USA_HI_H200570_2020"
"1389","USA_HI_H200557_2020"
"1390","USA_HI_H200556_2020"
"1391","USA_HI_H200564_2020"
"1392","USA_HI_H200565_2020"
"1393","USA_HI_H200562_2020"
"1394","USA_HI_H200555_2020"
"1395","USA_HI_H200536_2020"
"1396","USA_HI_H200538_2020"
"1397","USA_HI_H200533_2020"
"1398","USA_HI_H200554_2020"
"1399","USA_HI_H200559_2020"
"1400","USA_HI_H200561_2020"
"1401","USA_HI_H200560_2020"
"1402","USA_HI_H200569_2020"
"1403","USA_HI_H200532_2020"
"1404","USA_HI_H200552_2020"
"1405","USA_HI_H200571_2020"
"1406","USA_HI_H200572_2020"
"1407","USA_HI_H200550_2020"
"1408","USA_HI_H200583_2020"
"1409","USA_HI_H200582_2020"
"1410","USA_HI_H200581_2020"
"1411","USA_HI_H200177_2020"
"1412","USA_HI_H200260_2020"
"1413","USA_HI_H200452_2020"
"1414","USA_HI_H200573_2020"
"1415","USA_HI_H200313_2020"
"1416","USA_HI_H200316_2020"
"1417","USA_HI_H200314_2020"
"1418","USA_HI_H200540_2020"
"1419","USA_HI_H200541_2020"
"1420","USA_HI_H200547_2020"
"1421","USA_HI_H200625_2020"
"1422","USA_HI_H200284_2020"
"1423","USA_HI_H200435_2020"
"1424","USA_HI_H200463_2020"
"1425","USA_HI_H200496_2020"
"1426","USA_HI_H200495_2020"
"1427","USA_HI_H200494_2020"
"1428","USA_HI_H200462_2020"
"1429","USA_HI_H200464_2020"
"1430","USA_HI_H200465_2020"
"1431","USA_HI_H200449_2020"
"1432","USA_HI_H200443_2020"
"1433","USA_HI_H200589_2020"
"1434","USA_HI_H211007_2021"
"1435","USA_HI_H211181_2021"
"1436","USA_HI_H211496_2021"
"1437","USA_HI_H210864_2020"
"1438","USA_HI_H210867_2020"
"1439","USA_HI_H210866_2020"
"1440","USA_HI_H211045_2021"
"1441","USA_HI_H210862_2020"
"1442","USA_HI_H210861_2020"
"1443","USA_HI_H210917_2021"
"1444","USA_HI_H210897_2020"
"1445","USA_HI_H211086_2021"
"1446","USA_HI_H211513_2021"
"1447","USA_HI_H210965_2021"
"1448","USA_HI_H211514_2021"
"1449","USA_HI_H200594_2020"
"1450","USA_HI_H200618_2020"
"1451","USA_HI_H200634_2020"
"1452","USA_HI_H200639_2020"
"1453","USA_HI_H200674_2020"
"1454","USA_HI_H200630_2020"
"1455","USA_HI_H200620_2020"
"1456","USA_HI_H200643_2020"
"1457","USA_HI_H200616_2020"
"1458","USA_HI_H200632_2020"
"1459","USA_HI_H200646_2020"
"1460","USA_HI_H200676_2020"
"1461","USA_HI_H200652_2020"
"1462","USA_HI_H200655_2020"
"1463","USA_HI_H200683_2020"
"1464","USA_HI_H200645_2020"
"1465","USA_HI_H200591_2020"
"1466","USA_HI_H200647_2020"
"1467","USA_HI_H200703_2020"
"1468","USA_HI_H200642_2020"
"1469","USA_HI_H200650_2020"
"1470","USA_HI_H200685_2020"
"1471","USA_HI_H200702_2020"
"1472","USA_HI_H200717_2020"
"1473","USA_HI_H210792_2020"
"1474","USA_HI_H210793_2020"
"1475","USA_HI_H210795_2020"
"1476","USA_HI_CDC_2_3713981_2020"
"1477","USA_HI_H200631_2020"
"1478","USA_HI_H200592_2020"
"1479","USA_HI_H200608_2020"
"1480","USA_HI_H200656_2020"
"1481","USA_HI_H200686_2020"
"1482","USA_HI_H200615_2020"
"1483","USA_HI_H200694_2020"
"1484","USA_HI_H200593_2020"
"1485","USA_HI_H200603_2020"
"1486","USA_HI_H200614_2020"
"1487","USA_HI_H200605_2020"
"1488","USA_HI_H200604_2020"
"1489","USA_HI_H200606_2020"
"1490","USA_HI_H200612_2020"
"1491","USA_HI_H200619_2020"
"1492","USA_HI_H200651_2020"
"1493","USA_HI_H200641_2020"
"1494","USA_HI_H200659_2020"
"1495","USA_HI_H200638_2020"
"1496","USA_HI_H200611_2020"
"1497","USA_HI_H200640_2020"
"1498","USA_HI_H200637_2020"
"1499","USA_HI_H200636_2020"
"1500","USA_HI_H200629_2020"
"1501","USA_HI_H200609_2020"
"1502","USA_HI_H200607_2020"
"1503","USA_HI_H200613_2020"
"1504","USA_HI_H200657_2020"
"1505","USA_HI_H200663_2020"
"1506","USA_HI_H200665_2020"
"1507","USA_HI_H200698_2020"
"1508","USA_HI_H200691_2020"
"1509","USA_HI_H200699_2020"
"1510","USA_HI_H200697_2020"
"1511","USA_HI_H200696_2020"
"1512","USA_HI_H200660_2020"
"1513","USA_HI_H200666_2020"
"1514","USA_HI_H200695_2020"
"1515","USA_HI_H210790_2020"
"1516","USA_HI_H200668_2020"
"1517","USA_HI_H200679_2020"
"1518","USA_HI_H200673_2020"
"1519","USA_HI_H200633_2020"
"1520","USA_HI_H200617_2020"
"1521","USA_HI_H200610_2020"
"1522","USA_HI_H200664_2020"
"1523","USA_HI_H200684_2020"
"1524","USA_HI_H210794_2020"
"1525","USA_HI_H200635_2020"
"1526","USA_HI_H200658_2020"
"1527","USA_HI_H200661_2020"
"1528","USA_HI_H200667_2020"
"1529","USA_HI_H200682_2020"
"1530","USA_HI_H200688_2020"
"1531","USA_HI_H200681_2020"
"1532","USA_HI_H200662_2020"
"1533","USA_HI_H200675_2020"
"1534","USA_HI_H200680_2020"
"1535","USA_HI_H200690_2020"
"1536","USA_HI_H200687_2020"
"1537","USA_HI_CDC_2_4068726_2020"
"1538","USA_HI_H210791_2020"
"1539","Wuhan_Hu_1_2019"
