Label,Locality,Variant
USA_HI_CDC_2_4175178_2021,HI,B117
USA_HI_CDC_2_4175313_2021,HI,B117
USA_HI_CDC_2_4175322_2021,HI,B117
USA_HI_CDC_2_4282529_2021,HI,B117
USA_HI_CDC_2_4451395_2021,HI,B117
USA_HI_CDC_2_4451396_2021,HI,B117
USA_HI_CDC_2_4451465_2021,HI,B117
USA_HI_CDC_2_4451467_2021,HI,B117
USA_HI_CDC_2_4451468_2021,HI,B117
USA_HI_CDC_2_4451471_2021,HI,B117
USA_HI_CDC_2_4451474_2021,HI,B117
USA_HI_CDC_2_4451490_2021,HI,B117
USA_HI_CDC_2_4451556_2021,HI,B117
USA_HI_CDC_2_4451557_2021,HI,B117
USA_HI_CDC_2_4594931_2021,HI,B117
USA_HI_CDC_2_4594940_2021,HI,B117
USA_HI_CDC_2_4595001_2021,HI,B117
USA_HI_CDC_2_4595028_2021,HI,B117
USA_HI_CDC_2_4611083_2021,HI,B117
USA_HI_CDC_2_4611096_2021,HI,B117
USA_HI_CDC_2_4611152_2021,HI,B117
USA_HI_CDC_2_4611154_2021,HI,B117
USA_HI_CDC_2_4611183_2021,HI,B117
USA_HI_CDC_2_4611190_2021,HI,B117
USA_HI_CDC_2_4611192_2021,HI,B117
USA_HI_CDC_2_4611199_2021,HI,B117
USA_HI_CDC_2_4611261_2021,HI,B117
USA_HI_CDC_2_4611262_2021,HI,B117
USA_HI_CDC_2_4635193_2021,HI,B117
USA_HI_CDC_2_4635286_2021,HI,B117
USA_HI_CDC_2_4635288_2021,HI,B117
USA_HI_CDC_2_4651352_2021,HI,B117
USA_HI_CDC_2_4651353_2021,HI,B117
USA_HI_CDC_2_4651366_2021,HI,B117
USA_HI_CDC_2_4651372_2021,HI,B117
USA_HI_CDC_2_4651374_2021,HI,B117
USA_HI_CDC_2_4651385_2021,HI,B117
USA_HI_CDC_2_4651387_2021,HI,B117
USA_HI_CDC_2_4651454_2021,HI,B117
USA_HI_CDC_2_4651456_2021,HI,B117
USA_HI_CDC_2_4651460_2021,HI,B117
USA_HI_CDC_2_4651462_2021,HI,B117
USA_HI_CDC_2_4651481_2021,HI,B117
USA_HI_CDC_2_4651482_2021,HI,B117
USA_HI_CDC_ASC210002335_2021,HI,B117
USA_HI_CDC_ASC210015434_2021,HI,B117
USA_HI_CDC_ASC210015563_2021,HI,B117
USA_HI_CDC_ASC210032736_2021,HI,B117
USA_HI_CDC_ASC210038381_2021,HI,B117
USA_HI_CDC_ASC210046088_2021,HI,B117
USA_HI_CDC_ASC210046113_2021,HI,B117
USA_HI_CDC_ASC210055949_2021,HI,B117
USA_HI_CDC_ASC210064325_2021,HI,B117
USA_HI_CDC_ASC210064965_2021,HI,B117
USA_HI_CDC_ASC210073233_2021,HI,B117
USA_HI_CDC_ASC210107848_2021,HI,B117
USA_HI_CDC_ASC210108635_2021,HI,B117
USA_HI_CDC_ASC210108697_2021,HI,B117
USA_HI_CDC_ASC210108698_2021,HI,B117
USA_HI_CDC_ASC210108701_2021,HI,B117
USA_HI_CDC_ASC210108702_2021,HI,B117
USA_HI_CDC_ASC210108749_2021,HI,B117
USA_HI_CDC_ASC210108750_2021,HI,B117
USA_HI_CDC_ASC210110664_2021,HI,B117
USA_HI_CDC_ASC210111560_2021,HI,B117
USA_HI_CDC_ASC210154850_2021,HI,B117
USA_HI_CDC_ASC210154851_2021,HI,B117
USA_HI_CDC_LC0034733_2021,HI,B117
USA_HI_CDC_LC0045000_2021,HI,B117
USA_HI_CDC_LC0056239_2021,HI,B117
USA_HI_CDC_LC0056299_2021,HI,B117
USA_HI_CDC_LC0058899_2021,HI,B117
USA_HI_CDC_LC0058901_2021,HI,B117
USA_HI_CDC_LC0064771_2021,HI,B117
USA_HI_CDC_LC0068267_2021,HI,B117
USA_HI_CDC_LC0069058_2021,HI,B117
USA_HI_CDC_LC0073774_2021,HI,B117
USA_HI_CDC_LC0085592_2021,HI,B117
USA_HI_CDC_LC0102190_2021,HI,B117
USA_HI_CDC_MMB08862340_2021,HI,B117
USA_HI_CDC_QDX22524334_2021,HI,B117
USA_HI_CDC_QDX22524336_2021,HI,B117
USA_HI_CDC_QDX23091000_2021,HI,B117
USA_HI_CDC_QDX23179754_2021,HI,B117
USA_HI_CDC_QDX23654501_2021,HI,B117
USA_HI_CDC_QDX23892458_2021,HI,B117
USA_HI_CDC_QDX24042189_2021,HI,B117
USA_HI_CDC_QDX24042190_2021,HI,B117
USA_HI_CDC_QDX24326149_2021,HI,B117
USA_HI_CDC_QDX24326150_2021,HI,B117
USA_HI_CDC_QDX24476569_2021,HI,B117
USA_HI_CDC_QDX24476584_2021,HI,B117
USA_HI_CDC_QDX24476585_2021,HI,B117
USA_HI_CDC_QDX24476586_2021,HI,B117
USA_HI_CDC_QDX24476587_2021,HI,B117
USA_HI_CDC_QDX24713144_2021,HI,B117
USA_HI_CDC_QDX24799270_2021,HI,B117
USA_HI_CDC_QDX24863454_2021,HI,B117
USA_HI_CDC_QDX24863477_2021,HI,B117
USA_HI_CDC_QDX24940843_2021,HI,B117
USA_HI_CDC_QDX24940845_2021,HI,B117
USA_HI_CDC_QDX24940846_2021,HI,B117
USA_HI_CDC_QDX24940847_2021,HI,B117
USA_HI_CDC_QDX25392304_2021,HI,B117
USA_HI_CDC_QDX25890932_2021,HI,B117
USA_HI_CDC_QDX25952524_2021,HI,B117
USA_HI_CDC_QDX26075392_2021,HI,B117
USA_HI_CDC_QDX26075393_2021,HI,B117
USA_HI_CDC_QDX26075394_2021,HI,B117
USA_HI_CDC_QDX26075461_2021,HI,B117
USA_HI_CDC_QDX26075519_2021,HI,B117
USA_HI_CDC_QDX26075558_2021,HI,B117
USA_HI_CDC_QDX26075559_2021,HI,B117
USA_HI_CDC_QDX26299953_2021,HI,B117
USA_HI_CDC_QDX26300139_2021,HI,B117
USA_HI_CDC_QDX26400478_2021,HI,B117
USA_HI_CDC_QDX26400479_2021,HI,B117
USA_HI_CDC_STM_000066092_2021,HI,B117
USA_HI_CDC_STM_000066831_2021,HI,B117
USA_HI_CDC_STM_000705209_2021,HI,B117
USA_HI_H211017_2021,HI,B117
USA_HI_H211023_2021,HI,B117
USA_HI_H211111_2021,HI,B117
USA_HI_H211123_2021,HI,B117
USA_HI_H211141_2021,HI,B117
USA_HI_H211279_2021,HI,B117
USA_HI_H211314_2021,HI,B117
USA_HI_H211317_2021,HI,B117
USA_HI_H211328_2021,HI,B117
USA_HI_H211349_2021,HI,B117
USA_HI_H211350_2021,HI,B117
USA_HI_H211357_2021,HI,B117
USA_HI_H211406_2021,HI,B117
USA_HI_H211411_2021,HI,B117
USA_HI_H211424_2021,HI,B117
USA_HI_H211450_2021,HI,B117
USA_HI_H211456_2021,HI,B117
USA_HI_H211457_2021,HI,B117
USA_HI_H211461_2021,HI,B117
USA_HI_H211470_2021,HI,B117
USA_HI_H211472_2021,HI,B117
USA_HI_H211518_2021,HI,B117
USA_HI_H211524_2021,HI,B117
USA_HI_H211531_2021,HI,B117
USA_HI_H211545_2021,HI,B117
USA_HI_H211551_2021,HI,B117
USA_HI_H211562_2021,HI,B117
USA_HI_H211570_2021,HI,B117
USA_HI_H211575_2021,HI,B117
USA_HI_H211576_2021,HI,B117
USA_HI_H211577_2021,HI,B117
USA_HI_H211589_2021,HI,B117
USA_HI_H211596_2021,HI,B117
USA_HI_H211604_2021,HI,B117
USA_HI_H211608_2021,HI,B117
USA_HI_H211612_2021,HI,B117
USA_HI_H211614_2021,HI,B117
USA_HI_H211615_2021,HI,B117
USA_HI_H211616_2021,HI,B117
USA_HI_H211617_2021,HI,B117
USA_HI_H211618_2021,HI,B117
USA_HI_H211624_2021,HI,B117
USA_HI_H211625_2021,HI,B117
USA_HI_H211626_2021,HI,B117
USA_HI_H211627_2021,HI,B117
USA_HI_H211639_2021,HI,B117
USA_HI_H211651_2021,HI,B117
USA_HI_H211652_2021,HI,B117
USA_HI_H211655_2021,HI,B117
USA_HI_H211672_2021,HI,B117
USA_HI_H211679_2021,HI,B117
USA_HI_H211685_2021,HI,B117
USA_HI_H211688_2021,HI,B117
USA_HI_H211689_2021,HI,B117
USA_HI_H211705_2021,HI,B117
USA_HI_H211727_2021,HI,B117
USA_HI_H211735_2021,HI,B117
USA_HI_H211753_2021,HI,B117
USA_HI_H211759_2021,HI,B117
USA_HI_H211762_2021,HI,B117
USA_HI_H211763_2021,HI,B117
USA_HI_H211765_2021,HI,B117
USA_HI_H211773_2021,HI,B117
USA_HI_H211774_2021,HI,B117
USA_HI_H211775_2021,HI,B117
USA_HI_H211776_2021,HI,B117
USA_HI_H211777_2021,HI,B117
USA_HI_H211780_2021,HI,B117
USA_HI_H211788_2021,HI,B117
USA_HI_H211790_2021,HI,B117
USA_HI_H211796_2021,HI,B117
USA_HI_H211806_2021,HI,B117
USA_HI_H211807_2021,HI,B117
USA_HI_H211822_2021,HI,B117
USA_HI_H211828_2021,HI,B117
USA_HI_H211834_2021,HI,B117
USA_HI_H211840_2021,HI,B117
USA_HI_H211842_2021,HI,B117
USA_HI_H211847_2021,HI,B117
USA_HI_H211859_2021,HI,B117
USA_HI_H211860_2021,HI,B117
USA_HI_H211861_2021,HI,B117
USA_HI_H211862_2021,HI,B117
USA_HI_H211869_2021,HI,B117
USA_HI_H211871_2021,HI,B117
USA_HI_H211873_2021,HI,B117
USA_HI_H211874_2021,HI,B117
USA_HI_H211877_2021,HI,B117
USA_HI_H211879_2021,HI,B117
USA_HI_H211884_2021,HI,B117
USA_HI_H211885_2021,HI,B117
USA_HI_H211886_2021,HI,B117
USA_HI_H211887_2021,HI,B117
USA_HI_H211888_2021,HI,B117
USA_HI_H211897_2021,HI,B117
USA_HI_H211899_2021,HI,B117
USA_HI_H211901_2021,HI,B117
USA_HI_H211908_2021,HI,B117
USA_HI_H211909_2021,HI,B117
USA_HI_H211910_2021,HI,B117
USA_HI_H211928_2021,HI,B117
USA_HI_H211929_2021,HI,B117
USA_HI_H211939_2021,HI,B117
USA_HI_H211944_2021,HI,B117
USA_HI_H211949_2021,HI,B117
USA_HI_H211950_2021,HI,B117
USA_HI_H211958_2021,HI,B117
USA_HI_H211973_2021,HI,B117
USA_HI_H211978_2021,HI,B117
USA_HI_H211979_2021,HI,B117
USA_HI_H211981_2021,HI,B117
USA_HI_H211982_2021,HI,B117
USA_HI_H211987_2021,HI,B117
USA_HI_H211988_2021,HI,B117
USA_HI_H211991_2021,HI,B117
USA_HI_H211994_2021,HI,B117
USA_HI_H211995_2021,HI,B117
USA_HI_H211997_2021,HI,B117
USA_HI_H211998_2021,HI,B117
USA_HI_H212001_2021,HI,B117
USA_HI_H212003_2021,HI,B117
USA_HI_H212005_2021,HI,B117
USA_HI_H212008_2021,HI,B117
USA_HI_H212012_2021,HI,B117
USA_HI_H212018_2021,HI,B117
USA_HI_H212020_2021,HI,B117
USA_HI_H212021_2021,HI,B117
USA_HI_H212022_2021,HI,B117
USA_HI_H212023_2021,HI,B117
USA_HI_H212024_2021,HI,B117
USA_HI_H212025_2021,HI,B117
USA_HI_H212029_2021,HI,B117
USA_HI_H212033_2021,HI,B117
USA_HI_H212035_2021,HI,B117
USA_HI_H212038_2021,HI,B117
USA_HI_H212039_2021,HI,B117
USA_HI_H212046_2021,HI,B117
USA_HI_H212053_2021,HI,B117
USA_HI_H212054_2021,HI,B117
USA_HI_H212058_2021,HI,B117
USA_HI_H212064_2021,HI,B117
USA_HI_H212067_2021,HI,B117
USA_HI_H212075_2021,HI,B117
USA_HI_H212076_2021,HI,B117
USA_HI_H212077_2021,HI,B117
USA_HI_H212079_2021,HI,B117
USA_HI_H212080_2021,HI,B117
USA_HI_H212085_2021,HI,B117
USA_HI_H212092_2021,HI,B117
USA_HI_H212093_2021,HI,B117
USA_HI_H212094_2021,HI,B117
USA_HI_H212096_2021,HI,B117
USA_HI_H212097_2021,HI,B117
USA_HI_H212103_2021,HI,B117
USA_HI_H212105_2021,HI,B117
USA_HI_H212106_2021,HI,B117
USA_HI_H212112_2021,HI,B117
USA_HI_H212114_2021,HI,B117
USA_HI_H212115_2021,HI,B117
USA_HI_H212117_2021,HI,B117
USA_HI_H212118_2021,HI,B117
USA_HI_H212119_2021,HI,B117
USA_HI_H212120_2021,HI,B117
USA_HI_H212121_2021,HI,B117
USA_HI_H212122_2021,HI,B117
USA_HI_H212123_2021,HI,B117
USA_HI_H212124_2021,HI,B117
USA_HI_H212126_2021,HI,B117
USA_HI_H212130_2021,HI,B117
USA_HI_H212134_2021,HI,B117
USA_HI_H212135_2021,HI,B117
USA_HI_H212136_2021,HI,B117
USA_HI_H212138_2021,HI,B117
USA_HI_H212139_2021,HI,B117
USA_HI_H212140_2021,HI,B117
USA_HI_H212145_2021,HI,B117
USA_HI_H212146_2021,HI,B117
USA_HI_H212149_2021,HI,B117
USA_HI_H212152_2021,HI,B117
USA_HI_H212154_2021,HI,B117
USA_HI_H212155_2021,HI,B117
USA_HI_H212157_2021,HI,B117
USA_HI_H212158_2021,HI,B117
USA_HI_H212160_2021,HI,B117
USA_HI_H212161_2021,HI,B117
USA_HI_H212164_2021,HI,B117
USA_HI_H212167_2021,HI,B117
USA_HI_H212168_2021,HI,B117
USA_HI_H212170_2021,HI,B117
USA_HI_H212172_2021,HI,B117
USA_HI_H212173_2021,HI,B117
USA_HI_H212174_2021,HI,B117
USA_HI_H212176_2021,HI,B117
USA_HI_H212178_2021,HI,B117
USA_HI_H212180_2021,HI,B117
USA_HI_H212181_2021,HI,B117
USA_HI_H212183_2021,HI,B117
USA_HI_H212186_2021,HI,B117
USA_HI_H212188_2021,HI,B117
USA_HI_H212189_2021,HI,B117
USA_HI_H212190_2021,HI,B117
USA_HI_H212192_2021,HI,B117
USA_HI_H212193_2021,HI,B117
USA_HI_H212196_2021,HI,B117
USA_HI_H212198_2021,HI,B117
USA_HI_H212199_2021,HI,B117
USA_HI_H212200_2021,HI,B117
USA_HI_H212202_2021,HI,B117
USA_HI_H212205_2021,HI,B117
USA_HI_H212206_2021,HI,B117
USA_HI_H212207_2021,HI,B117
USA_HI_H212208_2021,HI,B117
USA_HI_H212212_2021,HI,B117
USA_HI_H212214_2021,HI,B117
USA_HI_H212216_2021,HI,B117
USA_HI_H212218_2021,HI,B117
USA_HI_H212219_2021,HI,B117
USA_HI_H212220_2021,HI,B117
USA_HI_H212225_2021,HI,B117
USA_HI_H212228_2021,HI,B117
USA_HI_H212231_2021,HI,B117
USA_HI_H212232_2021,HI,B117
USA_HI_H212233_2021,HI,B117
USA_HI_H212234_2021,HI,B117
USA_HI_H212235_2021,HI,B117
USA_HI_H212237_2021,HI,B117
USA_HI_H212238_2021,HI,B117
USA_HI_H212239_2021,HI,B117
USA_HI_H212240_2021,HI,B117
USA_HI_H212242_2021,HI,B117
USA_HI_H212243_2021,HI,B117
USA_HI_H212245_2021,HI,B117
USA_HI_H212246_2021,HI,B117
USA_HI_H212250_2021,HI,B117
USA_HI_H212251_2021,HI,B117
USA_HI_H212253_2021,HI,B117
USA_HI_H212254_2021,HI,B117
USA_HI_H212257_2021,HI,B117
USA_HI_H212261_2021,HI,B117
USA_HI_H212262_2021,HI,B117
USA_HI_H212263_2021,HI,B117
USA_HI_H212264_2021,HI,B117
USA_HI_H212266_2021,HI,B117
USA_HI_H212267_2021,HI,B117
USA_HI_H212269_2021,HI,B117
USA_HI_H212272_2021,HI,B117
USA_HI_H212273_2021,HI,B117
USA_HI_H212275_2021,HI,B117
USA_HI_H212276_2021,HI,B117
USA_HI_H212280_2021,HI,B117
USA_HI_H212281_2021,HI,B117
USA_HI_H212282_2021,HI,B117
USA_HI_H212285_2021,HI,B117
USA_HI_H212287_2021,HI,B117
USA_HI_H212288_2021,HI,B117
USA_HI_H212289_2021,HI,B117
USA_HI_H212291_2021,HI,B117
USA_HI_H212292_2021,HI,B117
USA_HI_H212294_2021,HI,B117
USA_HI_H212297_2021,HI,B117
USA_HI_H212299_2021,HI,B117
USA_HI_H212300_2021,HI,B117
USA_HI_H212302_2021,HI,B117
USA_HI_H212304_2021,HI,B117
USA_HI_H212306_2021,HI,B117
USA_HI_H212307_2021,HI,B117
USA_HI_H212308_2021,HI,B117
USA_HI_H212310_2021,HI,B117
USA_HI_H212311_2021,HI,B117
USA_HI_H212316_2021,HI,B117
USA_HI_H212317_2021,HI,B117
USA_HI_H212322_2021,HI,B117
USA_HI_H212323_2021,HI,B117
USA_HI_H212325_2021,HI,B117
USA_HI_H212326_2021,HI,B117
USA_HI_H212331_2021,HI,B117
USA_HI_H212332_2021,HI,B117
USA_HI_H212333_2021,HI,B117
USA_HI_H212334_2021,HI,B117
USA_HI_H212336_2021,HI,B117
USA_HI_H212339_2021,HI,B117
USA_HI_H212341_2021,HI,B117
USA_HI_H212344_2021,HI,B117
USA_HI_H212350_2021,HI,B117
USA_HI_H212367_2021,HI,B117
USA_HI_H212368_2021,HI,B117
USA_HI_H212379_2021,HI,B117
USA_HI_H212380_2021,HI,B117
USA_HI_H212381_2021,HI,B117
USA_HI_H212383_2021,HI,B117
USA_HI_H212384_2021,HI,B117
USA_HI_H212385_2021,HI,B117
USA_HI_H212391_2021,HI,B117
USA_HI_H212392_2021,HI,B117
USA_HI_H212396_2021,HI,B117
USA_HI_H212397_2021,HI,B117
USA_HI_H212399_2021,HI,B117
USA_HI_H212400_2021,HI,B117
USA_HI_H212402_2021,HI,B117
USA_HI_H212404_2021,HI,B117
USA_HI_H212431_2021,HI,B117
USA_HI_H212432_2021,HI,B117
USA_HI_H212434_2021,HI,B117
USA_HI_H212438_2021,HI,B117
USA_HI_H212439_2021,HI,B117
USA_HI_H212440_2021,HI,B117
USA_HI_H212441_2021,HI,B117
USA_HI_H212442_2021,HI,B117
USA_HI_H212443_2021,HI,B117
USA_HI_H212445_2021,HI,B117
USA_HI_H212447_2021,HI,B117
USA_HI_H212448_2021,HI,B117
USA_HI_H212454_2021,HI,B117
USA_HI_H212456_2021,HI,B117
USA_HI_H212461_2021,HI,B117
USA_HI_H212462_2021,HI,B117
USA_HI_H212465_2021,HI,B117
USA_HI_H212466_2021,HI,B117
USA_HI_H212467_2021,HI,B117
USA_HI_H212473_2021,HI,B117
USA_HI_H212474_2021,HI,B117
USA_HI_H212475_2021,HI,B117
USA_HI_H212476_2021,HI,B117
USA_HI_H212477_2021,HI,B117
USA_HI_H212478_2021,HI,B117
USA_HI_H212479_2021,HI,B117
USA_HI_H212482_2021,HI,B117
USA_HI_H212483_2021,HI,B117
USA_HI_H212484_2021,HI,B117
USA_HI_H212485_2021,HI,B117
USA_HI_H212488_2021,HI,B117
USA_HI_H212489_2021,HI,B117
USA_HI_H212491_2021,HI,B117
USA_HI_H212493_2021,HI,B117
USA_HI_H212497_2021,HI,B117
USA_HI_H212498_2021,HI,B117
USA_HI_H212499_2021,HI,B117
USA_HI_H212501_2021,HI,B117
USA_HI_H212502_2021,HI,B117
USA_HI_H212504_2021,HI,B117
USA_HI_H212506_2021,HI,B117
USA_HI_H212507_2021,HI,B117
USA_HI_H212511_2021,HI,B117
USA_HI_H212512_2021,HI,B117
USA_HI_H212513_2021,HI,B117
USA_HI_H212516_2021,HI,B117
USA_HI_H212517_2021,HI,B117
USA_HI_H212518_2021,HI,B117
USA_HI_H212520_2021,HI,B117
USA_HI_H212522_2021,HI,B117
USA_HI_H212523_2021,HI,B117
USA_HI_H212524_2021,HI,B117
USA_HI_H212525_2021,HI,B117
USA_HI_H212526_2021,HI,B117
USA_HI_H212527_2021,HI,B117
USA_HI_H212528_2021,HI,B117
USA_HI_H212533_2021,HI,B117
USA_HI_H212537_2021,HI,B117
USA_HI_H212538_2021,HI,B117
USA_HI_H212543_2021,HI,B117
USA_HI_H212544_2021,HI,B117
USA_HI_H212546_2021,HI,B117
USA_HI_H212547_2021,HI,B117
USA_HI_H212549_2021,HI,B117
USA_HI_H212552_2021,HI,B117
USA_HI_H212553_2021,HI,B117
USA_HI_H212555_2021,HI,B117
USA_HI_H212556_2021,HI,B117
USA_HI_H212557_2021,HI,B117
USA_HI_H212561_2021,HI,B117
USA_HI_H212567_2021,HI,B117
USA_HI_H212570_2021,HI,B117
USA_HI_H212576_2021,HI,B117
USA_HI_H212581_2021,HI,B117
USA_HI_H212582_2021,HI,B117
USA_HI_H212583_2021,HI,B117
USA_HI_H212585_2021,HI,B117
USA_HI_H212590_2021,HI,B117
USA_HI_H212591_2021,HI,B117
USA_HI_H212601_2021,HI,B117
USA_HI_H212603_2021,HI,B117
USA_HI_H212604_2021,HI,B117
USA_HI_H212614_2021,HI,B117
USA_HI_H212617_2021,HI,B117
USA_HI_H212622_2021,HI,B117
USA_HI_H212625_2021,HI,B117
USA_HI_H212627_2021,HI,B117
USA_HI_H212632_2021,HI,B117
USA_HI_H212633_2021,HI,B117
USA_HI_H212648_2021,HI,B117
USA_HI_H212654_2021,HI,B117
USA_HI_H212656_2021,HI,B117
USA_HI_H212660_2021,HI,B117
USA_HI_H212668_2021,HI,B117
USA_HI_H212669_2021,HI,B117
USA_HI_H212670_2021,HI,B117
USA_HI_H212672_2021,HI,B117
USA_HI_H212673_2021,HI,B117
USA_HI_H212677_2021,HI,B117
USA_HI_H212678_2021,HI,B117
USA_HI_H212679_2021,HI,B117
USA_HI_H212681_2021,HI,B117
USA_HI_H212684_2021,HI,B117
USA_HI_H212685_2021,HI,B117
USA_HI_H212688_2021,HI,B117
USA_HI_H212689_2021,HI,B117
USA_HI_H212697_2021,HI,B117
USA_HI_H212698_2021,HI,B117
USA_HI_H212704_2021,HI,B117
USA_HI_H212711_2021,HI,B117
USA_HI_H212712_2021,HI,B117
USA_HI_H212714_2021,HI,B117
USA_HI_H212725_2021,HI,B117
USA_HI_H212734_2021,HI,B117
USA_HI_H212735_2021,HI,B117
USA_HI_H212745_2021,HI,B117
USA_HI_H212750_2021,HI,B117
USA_HI_H212753_2021,HI,B117
USA_HI_H212762_2021,HI,B117
USA_HI_H212767_2021,HI,B117
USA_HI_H212777_2021,HI,B117
USA_HI_H212782_2021,HI,B117
USA_HI_H212785_2021,HI,B117
USA_HI_H212790_2021,HI,B117
USA_HI_H212799_2021,HI,B117
USA_HI_H212805_2021,HI,B117
USA_HI_H212814_2021,HI,B117
USA_HI_H212815_2021,HI,B117
USA_HI_H212824_2021,HI,B117
USA_HI_H212831_2021,HI,B117
USA_HI_H212832_2021,HI,B117
USA_HI_H212833_2021,HI,B117
USA_HI_H212837_2021,HI,B117
USA_HI_H212839_2021,HI,B117
USA_HI_H212840_2021,HI,B117
USA_HI_H212841_2021,HI,B117
USA_HI_H212843_2021,HI,B117
USA_HI_H212844_2021,HI,B117
USA_HI_H212845_2021,HI,B117
USA_HI_H212849_2021,HI,B117
USA_HI_H212851_2021,HI,B117
USA_HI_H212852_2021,HI,B117
USA_HI_H212853_2021,HI,B117
USA_HI_H212854_2021,HI,B117
USA_HI_H212857_2021,HI,B117
USA_HI_H212858_2021,HI,B117
USA_HI_H212859_2021,HI,B117
USA_HI_H212861_2021,HI,B117
USA_HI_H212865_2021,HI,B117
USA_HI_H212866_2021,HI,B117
USA_HI_H212867_2021,HI,B117
USA_HI_H212868_2021,HI,B117
USA_HI_H212870_2021,HI,B117
USA_HI_H212871_2021,HI,B117
USA_HI_H212872_2021,HI,B117
USA_HI_H212873_2021,HI,B117
USA_HI_H212878_2021,HI,B117
USA_HI_H212883_2021,HI,B117
USA_HI_H212889_2021,HI,B117
USA_HI_H212890_2021,HI,B117
USA_HI_H212893_2021,HI,B117
USA_HI_H212896_2021,HI,B117
USA_HI_H212897_2021,HI,B117
USA_HI_H212899_2021,HI,B117
USA_HI_H212905_2021,HI,B117
USA_HI_H212906_2021,HI,B117
USA_HI_H212909_2021,HI,B117
USA_HI_H212911_2021,HI,B117
USA_HI_H212914_2021,HI,B117
USA_HI_H212920_2021,HI,B117
USA_HI_H212930_2021,HI,B117
USA_HI_H212934_2021,HI,B117
USA_HI_H212935_2021,HI,B117
USA_HI_H212937_2021,HI,B117
USA_HI_H212938_2021,HI,B117
USA_HI_H212944_2021,HI,B117
USA_HI_H212945_2021,HI,B117
USA_HI_H212947_2021,HI,B117
USA_HI_H212953_2021,HI,B117
USA_HI_H212965_2021,HI,B117
USA_HI_H212966_2021,HI,B117
USA_HI_H212971_2021,HI,B117
USA_HI_H212972_2021,HI,B117
USA_HI_H212975_2021,HI,B117
USA_HI_H212980_2021,HI,B117
USA_HI_H212981_2021,HI,B117
USA_HI_H212982_2021,HI,B117
USA_HI_H212991_2021,HI,B117
USA_HI_H213004_2021,HI,B117
USA_HI_H213005_2021,HI,B117
USA_HI_H213007_2021,HI,B117
USA_HI_H213008_2021,HI,B117
USA_HI_H213010_2021,HI,B117
USA_HI_H213012_2021,HI,B117
USA_HI_H213013_2021,HI,B117
USA_HI_H213015_2021,HI,B117
USA_HI_H213016_2021,HI,B117
USA_HI_H213017_2021,HI,B117
USA_HI_H213019_2021,HI,B117
USA_HI_H213021_2021,HI,B117
USA_HI_H213025_2021,HI,B117
USA_HI_H213052_2021,HI,B117
USA_HI_H213116_2021,HI,B117
USA_HI_H213126_2021,HI,B117
USA_HI_H213127_2021,HI,B117
USA_HI_H213137_2021,HI,B117
USA_HI_H213145_2021,HI,B117
USA_HI_H213146_2021,HI,B117
USA_HI_H213217_2021,HI,B117
USA_HI_H213243_2021,HI,B117
USA_HI_H213262_2021,HI,B117
USA_HI_H213299_2021,HI,B117
USA_HI_H213309_2021,HI,B117
USA_HI_H213318_2021,HI,B117
USA_HI_H213336_2021,HI,B117
USA_HI_H213371_2021,HI,B117
USA_HI_H213389_2021,HI,B117
USA_HI_H213391_2021,HI,B117
USA_HI_H213401_2021,HI,B117
USA_HI_H213406_2021,HI,B117
USA_HI_H213416_2021,HI,B117
USA_HI_H213419_2021,HI,B117
USA_HI_H213449_2021,HI,B117
USA_HI_H213480_2021,HI,B117
USA_HI_H213498_2021,HI,B117
USA_HI_H213499_2021,HI,B117
USA_HI_H213504_2021,HI,B117
USA_HI_H213531_2021,HI,B117
USA_HI_OHSU_11545_2021,HI,B117
USA_HI_QDX_26215321_2021,HI,B117
USA_HI_BL029_2021,HI,B117
USA_HI_BL030_2021,HI,B117
USA_HI_BL034_2021,HI,B117
USA_HI_BL038_2021,HI,B117
USA_HI_BL041_2021,HI,B117
USA_HI_BL047_2021,HI,B117
USA_HI_BL051_2021,HI,B117
USA_HI_BL054_2021,HI,B117
USA_HI_BL221_2021,HI,B117
USA_HI_BL223_2021,HI,B117
USA_HI_BL224_2021,HI,B117
USA_HI_BL228_2021,HI,B117
USA_HI_BL229_2021,HI,B117
USA_HI_BL231_2021,HI,B117
USA_HI_BL232_2021,HI,B117
USA_HI_BL235_2021,HI,B117
USA_HI_BL237_2021,HI,B117
USA_HI_BL238_2021,HI,B117
USA_HI_BL239_2021,HI,B117
USA_HI_BL240_2021,HI,B117
USA_HI_BL241_2021,HI,B117
USA_HI_BL242_2021,HI,B117
USA_HI_BL243_2021,HI,B117
USA_HI_BL245_2021,HI,B117
USA_HI_BL246_2021,HI,B117
USA_HI_BL251_2021,HI,B117
USA_HI_BL253_2021,HI,B117
USA_HI_BL254_2021,HI,B117
USA_HI_BL255_2021,HI,B117
USA_HI_BL257_2021,HI,B117
USA_HI_BL258_2021,HI,B117
USA_HI_BL260_2021,HI,B117
USA_HI_BL264_2021,HI,B117
USA_HI_BL265_2021,HI,B117
USA_HI_BL266_2021,HI,B117
USA_HI_BL269_2021,HI,B117
USA_HI_BL271_2021,HI,B117
USA_CA_CDPH_3000050840_2021,LA,B117
USA_CA_LACPHL_AF00890_2021,LA,B117
USA_CA_CDC_2_4214250_2021,LA,B117
USA_CA_CDPH_2000043813_2021,LA,B117
USA_CA_CDPH_3000051303_2021,LA,B117
USA_CA_CDPH_3000051304_2021,LA,B117
USA_CA_CDPH_2000049622_2021,LA,B117
USA_CA_LACPHL_AF01068_2021,LA,B117
USA_CA_CDPH_3000024659_2021,LA,B117
USA_CA_CDC_2_4173828_2021,LA,B117
USA_CA_LACPHL_AF01150_2021,LA,B117
USA_CA_LACPHL_AF01199_2021,LA,B117
USA_CA_CDPH_3000133006_2021,LA,B117
USA_CA_LACPHL_AF01438_2021,LA,B117
USA_CA_LACPHL_AF02169_2021,LA,B117
USA_CA_LACPHL_AF00844_2021,LA,B117
USA_CA_LACPHL_AF01071_2021,LA,B117
USA_CA_CDPH_3000006130_2021,LA,B117
USA_CA_CDPH_3000017235_2021,LA,B117
USA_CA_CDPH_2000045350_2021,LA,B117
USA_CA_CDPH_2000042722_2021,LA,B117
USA_CA_CDPH_3000052434_2021,LA,B117
USA_CA_CDPH_3000052437_2021,LA,B117
USA_CA_CDPH_3000052435_2021,LA,B117
USA_CA_CDPH_3000046624_2021,LA,B117
USA_CA_CDPH_3000005989_2021,LA,B117
USA_CA_CDPH_2000044517_2021,LA,B117
USA_CA_CDPH_2000041152_2021,LA,B117
USA_CA_CDPH_3000043863_2021,LA,B117
USA_CA_CDPH_3000039880_2021,LA,B117
USA_CA_CDPH_2000048623_2021,LA,B117
USA_CA_CDPH_3000040563_2021,LA,B117
USA_CA_CDPH_MC2094314_2021,LA,B117
USA_CA_LACPHL_AF01373_2021,LA,B117
USA_CA_CDC_2_4242789_2021,LA,B117
USA_CA_CDPH_3000127860_2021,LA,B117
USA_CA_CDPH_3000100741_2021,LA,B117
USA_CA_CDPH_3000100745_2021,LA,B117
USA_CA_CDPH_3000100748_2021,LA,B117
USA_CA_CDPH_3000100744_2021,LA,B117
USA_CA_LACPHL_AF02229_2021,LA,B117
USA_CA_LACPHL_AF00679_2021,LA,B117
USA_CA_LACPHL_AF00729_2021,LA,B117
USA_CA_CDPH_3000050877_2021,LA,B117
USA_CA_LACPHL_AF00709_2021,LA,B117
USA_CA_LACPHL_AF04342_2021,LA,B117
USA_CA_CDPH_3000124231_2021,LA,B117
USA_CA_CDPH_3000124230_2021,LA,B117
USA_CA_CDPH_3000027506_2021,LA,B117
USA_CA_CDPH_2000049614_2021,LA,B117
USA_CA_CDPH_3000031713_2021,LA,B117
USA_CA_CDPH_2000047517_2021,LA,B117
USA_CA_CDPH_3000031714_2021,LA,B117
USA_CA_CDPH_2000047524_2021,LA,B117
USA_CA_CDPH_3000013642_2021,LA,B117
USA_CA_CDPH_3000015689_2021,LA,B117
USA_CA_LACPHL_AF01203_2021,LA,B117
USA_CA_CDPH_3000039701_2021,LA,B117
USA_CA_CDPH_3000033905_2021,LA,B117
USA_CA_CDPH_2000047820_2021,LA,B117
USA_CA_CDPH_3000032007_2021,LA,B117
USA_CA_CDPH_2000048631_2021,LA,B117
USA_CA_CDPH_3000040491_2021,LA,B117
USA_CA_CDPH_3000039537_2021,LA,B117
USA_CA_CDPH_3000032563_2021,LA,B117
USA_CA_CDPH_3000039721_2021,LA,B117
USA_CA_LACPHL_AF01046_2021,LA,B117
USA_CA_CDC_2_4173975_2021,LA,B117
USA_CA_CDPH_3000015569_2021,LA,B117
USA_CA_CDPH_3000010229_2021,LA,B117
USA_CA_CDPH_3000007313_2021,LA,B117
USA_CA_LACPHL_AF00552_2021,LA,B117
USA_CA_CDC_2_4282812_2021,LA,B117
USA_CA_LACPHL_AF01117_2021,LA,B117
USA_CA_CDC_2_4214120_2021,LA,B117
USA_CA_LACPHL_AF01229_2021,LA,B117
USA_CA_LACPHL_AF00714_2021,LA,B117
USA_CA_CDPH_3000019308_2021,LA,B117
USA_CA_LACPHL_AF01581_2021,LA,B117
USA_CA_CDPH_3000043956_2021,LA,B117
USA_CA_CSMC120_2021,LA,B117
USA_CA_LACPHL_AF01521_2021,LA,B117
USA_CA_LACPHL_AF02246_2021,LA,B117
USA_CA_CDPH_3000150785_2021,LA,B117
USA_CA_LACPHL_AF00620_2021,LA,B117
USA_CA_LACPHL_AF00860_2021,LA,B117
USA_CA_LACPHL_AF00712_2021,LA,B117
USA_CA_LACPHL_AF00913_2021,LA,B117
USA_CA_LACPHL_AF00855_2021,LA,B117
USA_CA_LACPHL_AF00665_2021,LA,B117
USA_CA_LACPHL_AF00845_2021,LA,B117
USA_CA_CDCBI_FlowHealth_00341_2021,LA,B117
USA_CA_CDC_2_4242870_2021,LA,B117
USA_CA_CDC_2_4242890_2021,LA,B117
USA_CA_CDPH_3000053429_2021,LA,B117
USA_CA_CDPH_3000153550_2021,LA,B117
USA_CA_CDPH_3000151262_2021,LA,B117
USA_CA_LACPHL_AF00926_2021,LA,B117
USA_CA_LACPHL_AF01026_2021,LA,B117
USA_CA_LACPHL_AF01027_2021,LA,B117
USA_CA_LACPHL_AF01001_2021,LA,B117
USA_CA_LACPHL_AF00852_2021,LA,B117
USA_CA_LACPHL_AF00998_2021,LA,B117
USA_CA_LACPHL_AF01051_2021,LA,B117
USA_CA_CDC_2_4242781_2021,LA,B117
USA_CA_CSMC184_2021,LA,B117
USA_CA_LACPHL_AF01005_2021,LA,B117
USA_CA_LACPHL_AF01052_2021,LA,B117
USA_CA_LACPHL_AF00648_2021,LA,B117
USA_CA_LACPHL_AF01191_2021,LA,B117
USA_CA_CDPH_3000118083_2021,LA,B117
USA_CA_CDPH_2000049166_2021,LA,B117
USA_CA_CSMC221_2021,LA,B117
USA_CA_LACPHL_AF05391_2021,LA,B117
USA_CA_CDC_2_4173996_2021,LA,B117
USA_CA_LACPHL_AF00858_2021,LA,B117
USA_CA_LACPHL_AF01134_2021,LA,B117
USA_CA_LACPHL_AF01056_2021,LA,B117
USA_CA_CDPH_2000047226_2021,LA,B117
USA_CA_CDPH_3000032594_2021,LA,B117
USA_CA_LACPHL_AF01135_2021,LA,B117
USA_CA_CSMC52_2021,LA,B117
USA_CA_CDC_2_4282905_2021,LA,B117
USA_CA_CDPH_3000051663_2021,LA,B117
USA_CA_CDPH_3000020950_2021,LA,B117
USA_CA_CDC_2_4451277_2021,LA,B117
USA_CA_CDPH_3000005706_2021,LA,B117
USA_CA_LACPHL_AF01042_2021,LA,B117
USA_CA_LACPHL_AF01045_2021,LA,B117
USA_CA_LACPHL_AF01011_2021,LA,B117
USA_CA_LACPHL_AF01129_2021,LA,B117
USA_CA_CDPH_2000047006_2021,LA,B117
USA_CA_CSMC62_2021,LA,B117
USA_CA_CDPH_3000030526_2021,LA,B117
USA_CA_LACPHL_AF02230_2021,LA,B117
USA_CA_LACPHL_AF00933_2021,LA,B117
USA_CA_CDPH_3000008403_2021,LA,B117
USA_CA_CDPH_3000100021_2021,LA,B117
USA_CA_CSMC222_2021,LA,B117
USA_CA_CDPH_3000009051_2021,LA,B117
USA_CA_CDPH_3000008856_2021,LA,B117
USA_CA_LACPHL_AF01138_2021,LA,B117
USA_CA_CDPH_3000030068_2021,LA,B117
USA_CA_CDPH_3000053964_2021,LA,B117
USA_CA_CDPH_3000054461_2021,LA,B117
USA_CA_CDPH_3000054677_2021,LA,B117
USA_CA_CDPH_2000042725_2021,LA,B117
USA_CA_LACPHL_AF01146_2021,LA,B117
USA_CA_CDC_2_4242780_2021,LA,B117
USA_CA_CDC_2_4242769_2021,LA,B117
USA_CA_CDC_2_4242867_2021,LA,B117
USA_CA_CDPH_3000044794_2021,LA,B117
USA_CA_CDC_2_4173953_2021,LA,B117
USA_CA_LACPHL_AF00904_2021,LA,B117
USA_CA_LACPHL_AF00899_2021,LA,B117
USA_CA_LACPHL_AF00903_2021,LA,B117
USA_CA_LACPHL_AF01235_2021,LA,B117
USA_CA_LACPHL_AF00930_2021,LA,B117
USA_CA_LACPHL_AF01234_2021,LA,B117
USA_CA_LACPHL_AF00912_2021,LA,B117
USA_CA_CDPH_2000046912_2021,LA,B117
USA_CA_CDPH_2000046836_2021,LA,B117
USA_CA_CDC_2_4242772_2021,LA,B117
USA_CA_CDPH_2000041676_2021,LA,B117
USA_CA_CDPH_3000019311_2021,LA,B117
USA_CA_CDPH_3000025370_2021,LA,B117
USA_CA_LACPHL_AF01397_2021,LA,B117
USA_CA_CDPH_3000119905_2021,LA,B117
USA_CA_CDPH_3000118637_2021,LA,B117
USA_CA_LACPHL_AF00922_2021,LA,B117
USA_CA_LACPHL_AF01088_2021,LA,B117
USA_CA_LACPHL_AF01398_2021,LA,B117
USA_CA_CDC_2_4502848_2021,LA,B117
USA_CA_LACPHL_AF00918_2021,LA,B117
USA_CA_CDCBI_FlowHealth_10245_2021,LA,B117
USA_CA_CDPH_3000010287_2021,LA,B117
USA_CA_LACPHL_AF01189_2021,LA,B117
USA_CA_CDPH_2000048094_2021,LA,B117
USA_CA_CDPH_3000040620_2021,LA,B117
USA_CA_CDPH_3000008506_2021,LA,B117
USA_CA_LACPHL_AF00919_2021,LA,B117
USA_CA_LACPHL_AF00920_2021,LA,B117
USA_CA_LACPHL_AF00921_2021,LA,B117
USA_CA_LACPHL_AF00923_2021,LA,B117
USA_CA_CDPH_3000026882_2021,LA,B117
USA_CA_CDPH_3000005857_2021,LA,B117
USA_CA_CDC_2_4214115_2021,LA,B117
USA_CA_CDPH_2000044511_2021,LA,B117
USA_CA_CDPH_3000006139_2021,LA,B117
USA_CA_LACPHL_AF00971_2021,LA,B117
USA_CA_CDPH_2000049004_2021,LA,B117
USA_CA_CDPH_3000036054_2021,LA,B117
USA_CA_CDPH_3000053573_2021,LA,B117
USA_CA_CDPH_3000047459_2021,LA,B117
USA_CA_LACPHL_AF01422_2021,LA,B117
USA_CA_CSMC22_2021,LA,B117
USA_CA_CSMC74_2021,LA,B117
USA_CA_CSMC174_2021,LA,B117
USA_CA_LACPHL_AF00575_2021,LA,B117
USA_CA_LACPHL_AF00554_2021,LA,B117
USA_CA_CSMC154_2021,LA,B117
USA_CA_LACPHL_AF00680_2021,LA,B117
USA_CA_LACPHL_AF00669_2021,LA,B117
USA_CA_LACPHL_AF00732_2021,LA,B117
USA_CA_LACPHL_AF01003_2021,LA,B117
USA_CA_LACPHL_AF01393_2021,LA,B117
USA_CA_CDPH_3000118937_2021,LA,B117
USA_CA_CDPH_2000045353_2021,LA,B117
USA_CA_CDPH_3000013284_2021,LA,B117
USA_CA_CDPH_3000013275_2021,LA,B117
USA_CA_CDPH_3000032878_2021,LA,B117
USA_CA_CDPH_3000032827_2021,LA,B117
USA_CA_CDPH_3000032879_2021,LA,B117
USA_CA_CDPH_2000046579_2021,LA,B117
USA_CA_CSMC27_2021,LA,B117
USA_CA_CDPH_3000007598_2021,LA,B117
USA_CA_LACPHL_AF02344_2021,LA,B117
USA_CA_LACPHL_AF00940_2021,LA,B117
USA_CA_LACPHL_AF02235_2021,LA,B117
USA_CA_CSMC54_2021,LA,B117
USA_CA_LACPHL_AF01149_2021,LA,B117
USA_CA_CSMC12_2021,LA,B117
USA_CA_CDCBI_FlowHealth_00437_2021,LA,B117
USA_CA_LACPHL_AF01768_2021,LA,B117
USA_CA_LACPHL_AF01323_2021,LA,B117
USA_CA_LACPHL_AF01395_2021,LA,B117
USA_CA_CDPH_3000031378_2021,LA,B117
USA_CA_LACPHL_AF01064_2021,LA,B117
USA_CA_CDC_2_4242792_2021,LA,B117
USA_CA_CDPH_3000032949_2021,LA,B117
USA_CA_CDPH_3000006142_2021,LA,B117
USA_CA_CDPH_3000006140_2021,LA,B117
USA_CA_CDC_2_4242892_2021,LA,B117
USA_CA_CDC_2_4282848_2021,LA,B117
USA_CA_CDPH_3000007641_2021,LA,B117
USA_CA_CDPH_3000007642_2021,LA,B117
USA_CA_CDPH_2000046882_2021,LA,B117
USA_CA_CDPH_2000046889_2021,LA,B117
USA_CA_CSMC51_2021,LA,B117
USA_CA_CDPH_3000050302_2021,LA,B117
USA_CA_CDPH_3000051461_2021,LA,B117
USA_CA_CDC_2_4214128_2021,LA,B117
USA_CA_LACPHL_AF01446_2021,LA,B117
USA_CA_CDPH_2000046570_2021,LA,B117
USA_CA_LACPHL_AF01079_2021,LA,B117
USA_CA_LACPHL_AF01115_2021,LA,B117
USA_CA_LACPHL_AF01433_2021,LA,B117
USA_CA_CDPH_3000031379_2021,LA,B117
USA_CA_CDPH_3000051635_2021,LA,B117
USA_CA_CDC_2_4242877_2021,LA,B117
USA_CA_CSMC86_2021,LA,B117
USA_CA_LACPHL_AF01818_2021,LA,B117
USA_CA_CDPH_3000118916_2021,LA,B117
USA_CA_LACPHL_AF02196_2021,LA,B117
USA_CA_LACPHL_AF02166_2021,LA,B117
USA_CA_LACPHL_AF02175_2021,LA,B117
USA_CA_CDPH_3000100708_2021,LA,B117
USA_CA_LACPHL_AF00888_2021,LA,B117
USA_CA_CDC_2_4242794_2021,LA,B117
USA_CA_LACPHL_AF00702_2021,LA,B117
USA_CA_LACPHL_AF00707_2021,LA,B117
USA_CA_CDPH_2000043913_2021,LA,B117
USA_CA_CDPH_3000031375_2021,LA,B117
USA_CA_CDC_2_4451380_2021,LA,B117
USA_CA_CDPH_3000032968_2021,LA,B117
USA_CA_CDPH_2000048202_2021,LA,B117
USA_CA_CDPH_2000048140_2021,LA,B117
USA_CA_CDPH_3000040606_2021,LA,B117
USA_CA_CDC_2_4214242_2021,LA,B117
USA_CA_LACPHL_AF00992_2021,LA,B117
USA_CA_CSMC137_2021,LA,B117
USA_CA_CDPH_3000043823_2021,LA,B117
USA_CA_CDPH_3000047504_2021,LA,B117
USA_CA_CDPH_3000050523_2021,LA,B117
USA_CA_LACPHL_AF00787_2021,LA,B117
USA_CA_CDPH_3000032010_2021,LA,B117
USA_CA_CDPH_3000028913_2021,LA,B117
USA_CA_CDPH_3000028915_2021,LA,B117
USA_CA_CDPH_3000039529_2021,LA,B117
USA_CA_CDPH_3000052543_2021,LA,B117
USA_CA_CDPH_3000052542_2021,LA,B117
USA_CA_CDC_2_3973064_2021,LA,B117
USA_CA_CDPH_3000032482_2021,LA,B117
USA_CA_CDC_2_4242759_2021,LA,B117
USA_CA_LACPHL_AF01113_2021,LA,B117
USA_CA_CSMC33_2021,LA,B117
USA_CA_LACPHL_AF01238_2021,LA,B117
USA_CA_LACPHL_AF01308_2021,LA,B117
USA_CA_LACPHL_AF01216_2021,LA,B117
USA_CA_LACPHL_AF04341_2021,LA,B117
USA_CA_LACPHL_AF04346_2021,LA,B117
USA_CA_LACPHL_AF01019_2021,LA,B117
USA_CA_CDPH_2000046787_2021,LA,B117
USA_CA_CDPH_3000034000_2021,LA,B117
USA_CA_CDPH_2000047576_2021,LA,B117
USA_CA_CDPH_2000046083_2021,LA,B117
USA_CA_LACPHL_AF01237_2021,LA,B117
USA_CA_LACPHL_AF01244_2021,LA,B117
USA_CA_CDPH_3000051095_2021,LA,B117
USA_CA_CDPH_3000049838_2021,LA,B117
USA_CA_CDPH_3000051101_2021,LA,B117
USA_CA_LACPHL_AF01031_2021,LA,B117
USA_CA_CSMC98_2021,LA,B117
USA_CA_CDPH_2000048497_2021,LA,B117
USA_CA_CDPH_2000047851_2021,LA,B117
USA_CA_CDPH_3000040682_2021,LA,B117
USA_CA_CDPH_3000031377_2021,LA,B117
USA_CA_CDPH_2000048561_2021,LA,B117
USA_CA_LACPHL_AF00666_2021,LA,B117
USA_CA_LACPHL_AF00681_2021,LA,B117
USA_CA_CDC_2_4214236_2021,LA,B117
USA_CA_CSMC66_2021,LA,B117
USA_CA_CDPH_3000047182_2021,LA,B117
USA_CA_LACPHL_AF02162_2021,LA,B117
USA_CA_CDPH_3000050520_2021,LA,B117
USA_CA_CDPH_3000013625_2021,LA,B117
USA_CA_CDPH_3000013645_2021,LA,B117
USA_CA_CDPH_3000011929_2021,LA,B117
USA_CA_CDPH_3000011944_2021,LA,B117
USA_CA_CDPH_3000011939_2021,LA,B117
USA_CA_CDPH_3000017543_2021,LA,B117
USA_CA_CDPH_3000023301_2021,LA,B117
USA_CA_CDC_2_4242700_2021,LA,B117
USA_CA_LACPHL_AF01196_2021,LA,B117
USA_CA_LACPHL_AF00883_2021,LA,B117
USA_CA_CDPH_6000001929_2021,LA,B117
USA_CA_LACPHL_AF01239_2021,LA,B117
USA_CA_LACPHL_AF01082_2021,LA,B117
USA_CA_LACPHL_AF01125_2021,LA,B117
USA_CA_CDC_2_4242878_2021,LA,B117
USA_CA_CDC_2_4242886_2021,LA,B117
USA_CA_CDC_2_4214219_2021,LA,B117
USA_CA_LACPHL_AF00853_2021,LA,B117
USA_CA_CSMC161_2021,LA,B117
USA_CA_LACPHL_AF00905_2021,LA,B117
USA_CA_LACPHL_AF01065_2021,LA,B117
USA_CA_LACPHL_AF00892_2021,LA,B117
USA_CA_CSMC125_2021,LA,B117
USA_CA_LACPHL_AF01346_2021,LA,B117
USA_CA_CDC_2_4369030_2021,LA,B117
USA_CA_LACPHL_AF00776_2021,LA,B117
USA_CA_LACPHL_AF01041_2021,LA,B117
USA_CA_CDPH_3000040977_2021,LA,B117
USA_CA_LACPHL_AF01328_2021,LA,B117
USA_CA_LACPHL_AF01137_2021,LA,B117
USA_CA_LACPHL_AF01391_2021,LA,B117
USA_CA_CDPH_3000008263_2021,LA,B117
USA_CA_CDC_2_4214141_2021,LA,B117
USA_CA_CDC_2_4214148_2021,LA,B117
USA_CA_LACPHL_AF00873_2021,LA,B117
USA_CA_LACPHL_AF00942_2021,LA,B117
USA_CA_CDC_2_4242761_2021,LA,B117
USA_CA_CDPH_2000049358_2021,LA,B117
USA_CA_CDPH_2000049350_2021,LA,B117
USA_CA_LACPHL_AF01151_2021,LA,B117
USA_CA_LACPHL_AF01166_2021,LA,B117
USA_CA_CDC_2_4214229_2021,LA,B117
USA_CA_CDPH_3000008301_2021,LA,B117
USA_CA_CDC_2_4282829_2021,LA,B117
USA_CA_CDPH_2000023678_2021,LA,B117
USA_CA_LACPHL_AF00342_2021,LA,B117
USA_CA_LACPHL_AF00274_2021,LA,B117
USA_CA_CDPH_2000048126_2021,LA,B117
USA_CA_CDPH_3000040654_2021,LA,B117
USA_CA_CDPH_3000050669_2021,LA,B117
USA_CA_CDPH_2000049199_2021,LA,B117
USA_CA_CDPH_3000040584_2021,LA,B117
USA_CA_CDPH_2000048133_2021,LA,B117
USA_CA_CDPH_2000048117_2021,LA,B117
USA_CA_CDPH_2000048696_2021,LA,B117
USA_CA_CDPH_3000040569_2021,LA,B117
USA_CA_CDPH_3000005999_2021,LA,B117
USA_CA_CDPH_3000015630_2021,LA,B117
USA_CA_CDPH_3000039671_2021,LA,B117
USA_CA_CDPH_3000032424_2021,LA,B117
USA_CA_CDPH_3000032423_2021,LA,B117
USA_CA_CDPH_2000048885_2021,LA,B117
USA_CA_CDPH_3000053619_2021,LA,B117
USA_CA_CDC_2_4174058_2021,LA,B117
USA_CA_CDC_2_4242777_2021,LA,B117
USA_CA_LACPHL_AF04348_2021,LA,B117
USA_CA_LACPHL_AF00696_2021,LA,B117
USA_CA_CDPH_3000025400_2021,LA,B117
USA_CA_CDPH_3000045698_2021,LA,B117
USA_CA_CDC_2_4173827_2021,LA,B117
USA_CA_CDC_2_4173956_2021,LA,B117
USA_CA_CSMC17_2021,LA,B117
USA_CA_CDPH_3000117639_2021,LA,B117
USA_CA_CDPH_3000044851_2021,LA,B117
USA_CA_CDPH_3000050888_2021,LA,B117
USA_CA_CDPH_3000014499_2021,LA,B117
USA_CA_CDPH_3000018608_2021,LA,B117
USA_CA_CSMC307_2021,LA,B117
USA_CA_CDPH_3000023190_2021,LA,B117
USA_CA_CDPH_3000023468_2021,LA,B117
USA_CA_CDPH_3000017554_2021,LA,B117
USA_CA_CDPH_3000028636_2021,LA,B117
USA_CA_CDPH_3000034795_2021,LA,B117
USA_CA_LACPHL_AF00551_2021,LA,B117
USA_CA_CDPH_3000026465_2021,LA,B117
USA_CA_LACPHL_AF00569_2021,LA,B117
USA_CA_LACPHL_AF01217_2021,LA,B117
USA_CA_CDPH_3000053241_2021,LA,B117
USA_CA_CDPH_3000023414_2021,LA,B117
USA_CA_CDPH_3000026466_2021,LA,B117
USA_CA_CDPH_3000028926_2021,LA,B117
USA_CA_LACPHL_AF00468_2021,LA,B117
USA_CA_CDPH_3000045059_2021,LA,B117
USA_CA_CDPH_3000019382_2021,LA,B117
USA_CA_LACPHL_AF00512_2021,LA,B117
USA_CA_CDC_2_3975895_2021,LA,B117
USA_CA_CDC_2_3975964_2021,LA,B117
USA_CA_CDPH742_2021,LA,B117
USA_CA_CDPH_2000042713_2021,LA,B117
USA_CA_CDC_2_4242762_2021,LA,B117
USA_CA_LACPHL_AF01598_2021,LA,B117
USA_CA_CDPH_3000050816_2021,LA,B117
USA_CA_LACPHL_AF00676_2021,LA,B117
USA_CA_LACPHL_AF00677_2021,LA,B117
USA_CA_LACPHL_AF00981_2021,LA,B117
USA_CA_LACPHL_AF00983_2021,LA,B117
USA_CA_CDPH_2000042182_2021,LA,B117
USA_CA_CDPH_3000031047_2021,LA,B117
USA_CA_CSMC132_2021,LA,B117
USA_CA_LACPHL_AF01038_2021,LA,B117
USA_CA_CDPH_2000049510_2021,LA,B117
USA_CA_CDPH_3000008356_2021,LA,B117
USA_CA_CDPH_3000009419_2021,LA,B117
USA_CA_CDPH_2000049105_2021,LA,B117
USA_CA_CDPH_3000045907_2021,LA,B117
USA_CA_CDPH_3000053190_2021,LA,B117
USA_CA_CDPH_3000008445_2021,LA,B117
USA_CA_CSMC287_2021,LA,B117
USA_CA_CDPH_3000051665_2021,LA,B117
USA_CA_CDPH_3000006128_2021,LA,B117
USA_CA_CDPH_3000048234_2021,LA,B117
USA_CA_CDPH_2000044327_2021,LA,B117
USA_CA_LACPHL_AF01322_2021,LA,B117
USA_CA_LACPHL_AF01062_2021,LA,B117
USA_CA_CDPH_2000048666_2021,LA,B117
USA_CA_CDPH_3000039667_2021,LA,B117
USA_CA_CDPH_3000005930_2021,LA,B117
USA_CA_LACPHL_AF02093_2021,LA,B117
USA_CA_CDPH_3000045443_2021,LA,B117
USA_CA_CDPH_2000047652_2021,LA,B117
USA_CA_LACPHL_AF01100_2021,LA,B117
USA_CA_CDPH_3000034538_2021,LA,B117
USA_CA_LACPHL_AF00793_2021,LA,B117
USA_CA_CDPH_3000030028_2021,LA,B117
USA_CA_LACPHL_AF01310_2021,LA,B117
USA_CA_LACPHL_AF01204_2021,LA,B117
USA_CA_CSMC76_2021,LA,B117
USA_CA_CSMC100_2021,LA,B117
USA_CA_LACPHL_AF02830_2021,LA,B117
USA_CA_LACPHL_AF01324_2021,LA,B117
USA_CA_LACPHL_AF01522_2021,LA,B117
USA_CA_CDPH_3000010339_2021,LA,B117
USA_CA_LACPHL_AF00887_2021,LA,B117
USA_CA_CDPH_3000015578_2021,LA,B117
USA_CA_CDPH_3000133023_2021,LA,B117
USA_CA_CDPH_3000137749_2021,LA,B117
USA_CA_CDPH_3000134778_2021,LA,B117
USA_CA_CDC_2_4174052_2021,LA,B117
USA_CA_LACPHL_AF04343_2021,LA,B117
USA_CA_LACPHL_AF00995_2021,LA,B117
USA_CA_LACPHL_AF00997_2021,LA,B117
USA_CA_CDPH_2000045498_2021,LA,B117
USA_CA_LACPHL_AF01367_2021,LA,B117
USA_CA_CDPH_3000045491_2021,LA,B117
USA_CA_CDPH_2000046897_2021,LA,B117
USA_CA_LACPHL_AF00791_2021,LA,B117
USA_CA_CDPH_2000048404_2021,LA,B117
USA_CA_CDPH_3000040318_2021,LA,B117
USA_CA_CDPH_2000048577_2021,LA,B117
USA_CA_CDC_2_4282811_2021,LA,B117
USA_CA_CDPH_3000015174_2021,LA,B117
USA_CA_CDPH_3000006104_2021,LA,B117
USA_CA_CDPH_2000049575_2021,LA,B117
USA_CA_CDPH_2000049536_2021,LA,B117
USA_CA_CDPH_2000049520_2021,LA,B117
USA_CA_CDPH_2000049528_2021,LA,B117
USA_CA_CDPH_3000054462_2021,LA,B117
USA_CA_CDPH_3000053466_2021,LA,B117
USA_CA_CDPH_3000053462_2021,LA,B117
USA_CA_CDPH_3000053465_2021,LA,B117
USA_CA_CDCBI_FlowHealth_00436_2021,LA,B117
USA_CA_LACPHL_AF00854_2021,LA,B117
USA_CA_LACPHL_AF00881_2021,LA,B117
USA_CA_CDPH_3000030369_2021,LA,B117
USA_CA_LACPHL_AF01083_2021,LA,B117
USA_CA_CDC_2_4282910_2021,LA,B117
USA_CA_LACPHL_AF01058_2021,LA,B117
USA_CA_LACPHL_AF00740_2021,LA,B117
USA_CA_CDPH_3000007401_2021,LA,B117
USA_CA_LACPHL_AF00678_2021,LA,B117
USA_CA_LACPHL_AF00517_2021,LA,B117
USA_CA_CDPH_3000028156_2021,LA,B117
USA_CA_CDC_2_4173847_2021,LA,B117
USA_CA_LACPHL_AF00299_2021,LA,B117
USA_CA_LACPHL_AF00573_2021,LA,B117
USA_CA_CDPH_3000030067_2021,LA,B117
USA_CA_LACPHL_AF00856_2021,LA,B117
USA_CA_CDPH_2000042709_2021,LA,B117
USA_CA_CDPH1003_2021,LA,B117
USA_CA_CDPH_3000039150_2021,LA,B117
USA_CA_LACPHL_AF02152_2021,LA,B117
USA_CA_LACPHL_AF01118_2021,LA,B117
USA_CA_LACPHL_AF01514_2021,LA,B117
USA_CA_LACPHL_AF00668_2021,LA,B117
USA_CA_CDPH_3000028312_2021,LA,B117
USA_CA_LACPHL_AF00718_2021,LA,B117
USA_CA_CDPH_3000022008_2021,LA,B117
USA_CA_LACPHL_AF00869_2021,LA,B117
USA_CA_CDPH_3000053248_2021,LA,B117
USA_CA_CDPH_3000040693_2021,LA,B117
USA_CA_CDPH_3000030194_2021,LA,B117
USA_CA_CDPH_2000048554_2021,LA,B117
USA_CA_CDPH_2000048376_2021,LA,B117
USA_CA_CDPH_3000049374_2021,LA,B117
USA_CA_CDPH_2000048546_2021,LA,B117
USA_CA_CDPH_3000040745_2021,LA,B117
USA_CA_CDC_2_4451271_2021,LA,B117
USA_CA_CDC_2_4176943_2021,LA,B117
USA_CA_LACPHL_AF01021_2021,LA,B117
USA_CA_CDPH_3000047876_2021,LA,B117
USA_CA_CDPH_3000005763_2021,LA,B117
USA_CA_CSMC64_2021,LA,B117
USA_CA_CSMC72_2021,LA,B117
USA_CA_CDPH_3000032769_2021,LA,B117
USA_CA_CDPH_2000047005_2021,LA,B117
USA_CA_CDPH_3000032764_2021,LA,B117
USA_CA_CDPH_2000046997_2021,LA,B117
USA_CA_CDPH_2000046773_2021,LA,B117
USA_CA_CDPH_2000046772_2021,LA,B117
USA_CA_CDPH_2000046797_2021,LA,B117
USA_CA_CDPH_2000046926_2021,LA,B117
USA_CA_CDPH_3000032696_2021,LA,B117
USA_CA_CDPH_2000046850_2021,LA,B117
USA_CA_CDPH_3000021825_2021,LA,B117
USA_CA_CDC_2_4242795_2021,LA,B117
USA_CA_CDCBI_FlowHealth_00507_2021,LA,B117
USA_CA_CSMC136_2021,LA,B117
USA_CA_CDC_2_4174057_2021,LA,B117
USA_CA_CSMC56_2021,LA,B117
USA_CA_CDPH_3000047875_2021,LA,B117
USA_CA_CDPH_2000044521_2021,LA,B117
USA_CA_CDPH_3000006051_2021,LA,B117
USA_CA_CDPH_3000053659_2021,LA,B117
USA_CA_CDC_2_4242791_2021,LA,B117
USA_CA_LACPHL_AF01104_2021,LA,B117
USA_CA_CDPH_3000009948_2021,LA,B117
USA_CA_LACPHL_AF01040_2021,LA,B117
USA_CA_LACPHL_AF01456_2021,LA,B117
USA_CA_LACPHL_AF02234_2021,LA,B117
USA_CA_LACPHL_AF02232_2021,LA,B117
USA_CA_LACPHL_AF02231_2021,LA,B117
USA_CA_LACPHL_AF01318_2021,LA,B117
USA_CA_CDPH_3000052426_2021,LA,B117
USA_CA_CDPH_2000049342_2021,LA,B117
USA_CA_CDPH_3000052427_2021,LA,B117
USA_CA_LACPHL_AF00871_2021,LA,B117
USA_CA_LACPHL_AF00949_2021,LA,B117
USA_CA_CDPH_3000051475_2021,LA,B117
USA_CA_CSMC321_2021,LA,B117
USA_CA_CDPH_3000053620_2021,LA,B117
USA_CA_CDC_2_4451297_2021,LA,B117
USA_CA_CDPH_3000050932_2021,LA,B117
USA_CA_CDPH_3000010700_2021,LA,B117
USA_CA_CDPH_3000014172_2021,LA,B117
USA_CA_CDPH_3000028515_2021,LA,B117
USA_CA_LACPHL_AF01142_2021,LA,B117
USA_CA_LACPHL_AF00980_2021,LA,B117
USA_CA_CDPH_3000031376_2021,LA,B117
USA_CA_LACPHL_AF02226_2021,LA,B117
USA_CA_CSMC68_2021,LA,B117
USA_CA_CDPH_2000045244_2021,LA,B117
USA_CA_CDPH_3000006928_2021,LA,B117
USA_CA_CDPH_3000120188_2021,LA,B117
USA_CA_CSMC232_2021,LA,B117
USA_CA_CDPH_3000048658_2021,LA,B117
USA_CA_CDPH_2000046080_2021,LA,B117
USA_CA_CDPH_3000018594_2021,LA,B117
USA_CA_CDPH_3000015173_2021,LA,B117
USA_CA_LACPHL_AF00870_2021,LA,B117
USA_CA_LACPHL_AF00851_2021,LA,B117
USA_CA_CDC_2_4282818_2021,LA,B117
USA_CA_LACPHL_AF01048_2021,LA,B117
USA_CA_CDC_2_4502945_2021,LA,B117
USA_CA_LACPHL_AF01336_2021,LA,B117
USA_CA_LACPHL_AF02113_2021,LA,B117
USA_CA_CDPH_2000046988_2021,LA,B117
USA_CA_CSMC162_2021,LA,B117
USA_CA_CDC_2_4214243_2021,LA,B117
USA_CA_CDPH_3000049753_2021,LA,B117
USA_CA_CDPH_3000044318_2021,LA,B117
USA_CA_CDPH_3000052981_2021,LA,B117
USA_CA_CDPH_3000047160_2021,LA,B117
USA_CA_CDPH_3000052979_2021,LA,B117
USA_CA_LACPHL_AF00598_2021,LA,B117
USA_CA_LACPHL_AF00368_2021,LA,B117
USA_CA_LACPHL_AF01141_2021,LA,B117
USA_CA_LACPHL_AF01140_2021,LA,B117
USA_CA_CDPH_2000049496_2021,LA,B117
USA_CA_CDC_2_4173972_2021,LA,B117
USA_CA_LACPHL_AF00946_2021,LA,B117
USA_CA_LACPHL_AF00645_2021,LA,B117
USA_CA_CDPH_2000046883_2021,LA,B117
USA_CA_LACPHL_AF00941_2021,LA,B117
USA_CA_CDPH_2000048157_2021,LA,B117
USA_CA_CDPH_2000046867_2021,LA,B117
USA_CA_CDPH_2000046913_2021,LA,B117
USA_CA_LACPHL_AF00553_2021,LA,B117
USA_CA_CDC_2_4173988_2021,LA,B117
USA_CA_CDC_2_4174053_2021,LA,B117
USA_CA_LACPHL_AF01371_2021,LA,B117
USA_CA_CSMC148_2021,LA,B117
USA_CA_CSMC160_2021,LA,B117
USA_CA_CDC_2_4282816_2021,LA,B117
USA_CA_CDPH_6000009938_2021,LA,B117
USA_CA_LACPHL_AF01207_2021,LA,B117
USA_CA_LACPHL_AF01437_2021,LA,B117
USA_CA_CDPH_3000030626_2021,LA,B117
USA_CA_CDPH_2000047269_2021,LA,B117
USA_CA_LACPHL_AF00833_2021,LA,B117
USA_CA_LACPHL_AF01122_2021,LA,B117
USA_CA_CDPH_3000025009_2021,LA,B117
USA_CA_CDPH_2000048615_2021,LA,B117
USA_CA_LACPHL_AF01372_2021,LA,B117
USA_CA_LACPHL_AF01049_2021,LA,B117
USA_CA_CDC_2_4214147_2021,LA,B117
USA_CA_CDC_2_4214121_2021,LA,B117
USA_CA_CDPH_3000046481_2021,LA,B117
USA_CA_CDPH_3000016512_2021,LA,B117
USA_CA_CDPH_3000007006_2021,LA,B117
USA_CA_CDPH_3000012213_2021,LA,B117
USA_CA_LACPHL_AF01025_2021,LA,B117
USA_CA_CDPH_2000046426_2021,LA,B117
USA_CA_CDPH_3000031320_2021,LA,B117
USA_CA_LACPHL_AF01030_2021,LA,B117
USA_CA_CDPH_2000045705_2021,LA,B117
USA_CA_CDPH_3000012265_2021,LA,B117
USA_CA_CDPH_3000049605_2021,LA,B117
USA_CA_CSMC41_2021,LA,B117
USA_CA_CDPH_3000053069_2021,LA,B117
USA_CA_CDPH_2000045239_2021,LA,B117
USA_CA_CDPH_3000006609_2021,LA,B117
USA_CA_CDPH_3000028914_2021,LA,B117
USA_CA_CDPH_3000012863_2021,LA,B117
USA_CA_CDPH_2000047916_2021,LA,B117
USA_CA_CDPH_3000029893_2021,LA,B117
USA_CA_CDPH_3000016286_2021,LA,B117
USA_CA_CDPH_3000022026_2021,LA,B117
USA_CA_CDPH_3000019305_2021,LA,B117
USA_CA_CDPH_2000040754_2021,LA,B117
USA_CA_CDPH_3000020612_2021,LA,B117
USA_CA_CDPH_3000006108_2021,LA,B117
USA_CA_CDPH_2000046754_2021,LA,B117
USA_CA_CDPH_2000046757_2021,LA,B117
USA_CA_CDC_2_4242860_2021,LA,B117
USA_CA_LACPHL_AF00697_2021,LA,B117
USA_CA_LACPHL_AF00841_2021,LA,B117
USA_CA_LACPHL_AF00768_2021,LA,B117
USA_CA_LACPHL_AF00825_2021,LA,B117
USA_CA_LACPHL_AF00808_2021,LA,B117
USA_CA_LACPHL_AF00752_2021,LA,B117
USA_CA_LACPHL_AF00820_2021,LA,B117
USA_CA_LACPHL_AF00843_2021,LA,B117
USA_CA_LACPHL_AF00766_2021,LA,B117
USA_CA_LACPHL_AF00803_2021,LA,B117
USA_CA_LACPHL_AF00745_2021,LA,B117
USA_CA_LACPHL_AF00754_2021,LA,B117
USA_CA_CDPH_3000050667_2021,LA,B117
USA_CA_LACPHL_AF00802_2021,LA,B117
USA_CA_LACPHL_AF00823_2021,LA,B117
USA_CA_LACPHL_AF00837_2021,LA,B117
USA_CA_LACPHL_AF00807_2021,LA,B117
USA_CA_LACPHL_AF00812_2021,LA,B117
USA_CA_CDC_2_4214238_2021,LA,B117
USA_CA_CDC_2_4242796_2021,LA,B117
USA_CA_LACPHL_AF01233_2021,LA,B117
USA_CA_CDPH_3000048661_2021,LA,B117
USA_CA_CDPH_3000048657_2021,LA,B117
USA_CA_CDPH_3000044247_2021,LA,B117
USA_CA_CDPH_2000046796_2021,LA,B117
USA_CA_LACPHL_AF00731_2021,LA,B117
USA_CA_LACPHL_AF00770_2021,LA,B117
USA_CA_LACPHL_AF00769_2021,LA,B117
USA_CA_LACPHL_AF00794_2021,LA,B117
USA_CA_LACPHL_AF00750_2021,LA,B117
USA_CA_LACPHL_AF00726_2021,LA,B117
USA_CA_LACPHL_AF00749_2021,LA,B117
USA_CA_LACPHL_AF00795_2021,LA,B117
USA_CA_LACPHL_AF00827_2021,LA,B117
USA_CA_LACPHL_AF00753_2021,LA,B117
USA_CA_LACPHL_AF00748_2021,LA,B117
USA_CA_LACPHL_AF00788_2021,LA,B117
USA_CA_LACPHL_AF00898_2021,LA,B117
USA_CA_LACPHL_AF00786_2021,LA,B117
USA_CA_LACPHL_AF00859_2021,LA,B117
USA_CA_LACPHL_AF00801_2021,LA,B117
USA_CA_LACPHL_AF00789_2021,LA,B117
USA_CA_LACPHL_AF00743_2021,LA,B117
USA_CA_LACPHL_AF00742_2021,LA,B117
USA_CA_LACPHL_AF00755_2021,LA,B117
USA_CA_LACPHL_AF00772_2021,LA,B117
USA_CA_LACPHL_AF00830_2021,LA,B117
USA_CA_LACPHL_AF00822_2021,LA,B117
USA_CA_LACPHL_AF00836_2021,LA,B117
USA_CA_LACPHL_AF00835_2021,LA,B117
USA_CA_LACPHL_AF00816_2021,LA,B117
USA_CA_LACPHL_AF00821_2021,LA,B117
USA_CA_LACPHL_AF00819_2021,LA,B117
USA_CA_LACPHL_AF00809_2021,LA,B117
USA_CA_LACPHL_AF00804_2021,LA,B117
USA_CA_LACPHL_AF00815_2021,LA,B117
USA_CA_LACPHL_AF00817_2021,LA,B117
USA_CA_LACPHL_AF00811_2021,LA,B117
USA_CA_LACPHL_AF00824_2021,LA,B117
USA_CA_LACPHL_AF00810_2021,LA,B117
USA_CA_LACPHL_AF00765_2021,LA,B117
USA_CA_LACPHL_AF01007_2021,LA,B117
USA_CA_LACPHL_AF00524_2021,LA,B117
USA_CA_CDPH_3000027742_2021,LA,B117
USA_CA_CDPH_3000010699_2021,LA,B117
USA_CA_CDPH_3000028517_2021,LA,B117
USA_CA_LACPHL_AF00574_2021,LA,B117
USA_CA_LACPHL_AF00973_2021,LA,B117
USA_CA_CSMC78_2021,LA,B117
USA_CA_CSMC220_2021,LA,B117
USA_CA_CSMC89_2021,LA,B117
USA_CA_CSMC77_2021,LA,B117
USA_CA_CSMC180_2021,LA,B117
USA_CA_CDPH_MC2075522_2021,LA,B117
USA_CA_CDPH_2000048391_2021,LA,B117
USA_CA_CDPH_3000030065_2021,LA,B117
USA_CA_LACPHL_AF01130_2021,LA,B117
USA_CA_CDPH_2000047567_2021,LA,B117
USA_CA_CDPH_3000030127_2021,LA,B117
USA_CA_CDPH_3000026880_2021,LA,B117
USA_CA_CDPH_3000013290_2021,LA,B117
USA_CA_CDPH_2000045114_2021,LA,B117
USA_CA_CDPH_3000013289_2021,LA,B117
USA_CA_CDPH_3000013310_2021,LA,B117
USA_CA_LACPHL_AF04344_2021,LA,B117
USA_CA_CDC_2_4242770_2021,LA,B117
USA_CA_CDC_2_4242853_2021,LA,B117
USA_CA_CDPH_3000029786_2021,LA,B117
USA_CA_CDPH_3000031393_2021,LA,B117
USA_CA_CDPH_2000047257_2021,LA,B117
USA_CA_LACPHL_AF01742_2021,LA,B117
USA_CA_LACPHL_AF00935_2021,LA,B117
USA_CA_LACPHL_AF00875_2021,LA,B117
USA_CA_LACPHL_AF00889_2021,LA,B117
USA_CA_CDC_2_4282750_2021,LA,B117
USA_CA_LACPHL_AF01215_2021,LA,B117
USA_CA_LACPHL_AF01224_2021,LA,B117
USA_CA_LACPHL_AF00988_2021,LA,B117
USA_CA_LACPHL_AF00928_2021,LA,B117
USA_CA_LACPHL_AF00927_2021,LA,B117
USA_CA_LACPHL_AF00929_2021,LA,B117
USA_CA_LACPHL_AF00932_2021,LA,B117
USA_CA_LACPHL_AF00934_2021,LA,B117
USA_CA_LACPHL_AF01010_2021,LA,B117
USA_CA_LACPHL_AF00937_2021,LA,B117
USA_CA_LACPHL_AF00667_2021,LA,B117
USA_CA_LACPHL_AF00891_2021,LA,B117
USA_CA_CDPH_2000045625_2021,LA,B117
USA_CA_CDPH_2000045631_2021,LA,B117
USA_CA_CDPH_3000006293_2021,LA,B117
USA_CA_CDC_2_4282911_2021,LA,B117
USA_CA_LACPHL_AF01070_2021,LA,B117
USA_CA_CDPH_3000048659_2021,LA,B117
USA_CA_LACPHL_AF01221_2021,LA,B117
USA_CA_LACPHL_AF00996_2021,LA,B117
USA_CA_CDPH_2000047019_2021,LA,B117
USA_CA_LACPHL_AF01162_2021,LA,B117
USA_CA_CDPH_3000045854_2021,LA,B117
USA_CA_LACPHL_AF00985_2021,LA,B117
USA_CA_CDC_2_4214214_2021,LA,B117
USA_CA_CDCBI_FlowHealth_00522_2021,LA,B117
USA_CA_CDC_2_4242797_2021,LA,B117
USA_CA_CDPH_3000005732_2021,LA,B117
USA_CA_LACPHL_AF01016_2021,LA,B117
USA_CA_LACPHL_AF01330_2021,LA,B117
USA_CA_CDPH_3000008265_2021,LA,B117
USA_CA_CDPH_2000044960_2021,LA,B117
USA_CA_LACPHL_AF01044_2021,LA,B117
USA_CA_LACPHL_AF01066_2021,LA,B117
USA_CA_CDPH_3000006462_2021,LA,B117
USA_CA_LACPHL_AF01309_2021,LA,B117
USA_CA_CDCBI_FlowHealth_10252_2021,LA,B117
USA_CA_LACPHL_AF01327_2021,LA,B117
USA_CA_LACPHL_AF01186_2021,LA,B117
USA_CA_LACPHL_AF01029_2021,LA,B117
USA_CA_CDPH_3000036247_2021,LA,B117
USA_CA_CDPH_3000044244_2021,LA,B117
USA_CA_CDPH_2000046829_2021,LA,B117
USA_CA_CDPH_2000046786_2021,LA,B117
USA_CA_CDPH_2000046780_2021,LA,B117
USA_CA_CDPH_3000044243_2021,LA,B117
USA_CA_CSMC122_2021,LA,B117
USA_HI_H200479_2020,HI,B1243
USA_HI_H200719_2020,HI,B1243
USA_HI_CDC_2_4068561_2020,HI,B1243
USA_HI_H200744_2020,HI,B1243
USA_HI_H211039_2021,HI,B1243
USA_HI_H210978_2021,HI,B1243
USA_HI_H210835_2020,HI,B1243
USA_HI_H210837_2020,HI,B1243
USA_HI_H210855_2020,HI,B1243
USA_HI_H210856_2020,HI,B1243
USA_HI_H210985_2020,HI,B1243
USA_HI_H210927_2020,HI,B1243
USA_HI_H200711_2020,HI,B1243
USA_HI_H210808_2020,HI,B1243
USA_HI_H200729_2020,HI,B1243
USA_HI_H210810_2020,HI,B1243
USA_HI_H210949_2020,HI,B1243
USA_HI_H210833_2020,HI,B1243
USA_HI_H210824_2020,HI,B1243
USA_HI_H212057_2020,HI,B1243
USA_HI_H210773_2020,HI,B1243
USA_HI_H210783_2020,HI,B1243
USA_HI_H210799_2020,HI,B1243
USA_HI_H200746_2020,HI,B1243
USA_HI_H210822_2020,HI,B1243
USA_HI_H210877_2020,HI,B1243
USA_HI_H210947_2020,HI,B1243
USA_HI_H200762_2020,HI,B1243
USA_HI_H210857_2020,HI,B1243
USA_HI_H211037_2021,HI,B1243
USA_HI_H200708_2020,HI,B1243
USA_HI_H200728_2020,HI,B1243
USA_HI_H210838_2020,HI,B1243
USA_HI_H200713_2020,HI,B1243
USA_HI_H210926_2020,HI,B1243
USA_HI_H200715_2020,HI,B1243
USA_HI_H200758_2020,HI,B1243
USA_HI_H210849_2020,HI,B1243
USA_HI_H210956_2021,HI,B1243
USA_HI_H200764_2020,HI,B1243
USA_HI_H210953_2020,HI,B1243
USA_HI_H200759_2020,HI,B1243
USA_HI_H200756_2020,HI,B1243
USA_HI_H210907_2020,HI,B1243
USA_HI_H200733_2020,HI,B1243
USA_HI_H200741_2020,HI,B1243
USA_HI_H210805_2020,HI,B1243
USA_HI_H210809_2020,HI,B1243
USA_HI_H200710_2020,HI,B1243
USA_HI_H200743_2020,HI,B1243
USA_HI_H210802_2020,HI,B1243
USA_HI_H210803_2020,HI,B1243
USA_HI_H200755_2020,HI,B1243
USA_HI_H210903_2020,HI,B1243
USA_HI_H200760_2020,HI,B1243
USA_HI_H200706_2020,HI,B1243
USA_HI_H200714_2020,HI,B1243
USA_HI_H200736_2020,HI,B1243
USA_HI_H210807_2020,HI,B1243
USA_HI_H210844_2020,HI,B1243
USA_HI_H200705_2020,HI,B1243
USA_HI_H200716_2020,HI,B1243
USA_HI_H211020_2021,HI,B1243
USA_HI_H210840_2020,HI,B1243
USA_HI_H210891_2021,HI,B1243
USA_HI_H210892_2021,HI,B1243
USA_HI_H210885_2021,HI,B1243
USA_HI_H200724_2020,HI,B1243
USA_HI_H200747_2020,HI,B1243
USA_HI_H200721_2020,HI,B1243
USA_HI_H210832_2020,HI,B1243
USA_HI_H210881_2020,HI,B1243
USA_HI_H210847_2020,HI,B1243
USA_HI_H200738_2020,HI,B1243
USA_HI_H210882_2020,HI,B1243
USA_HI_H200732_2020,HI,B1243
USA_HI_H210964_2021,HI,B1243
USA_HI_H200740_2020,HI,B1243
USA_HI_H200722_2020,HI,B1243
USA_HI_H210823_2020,HI,B1243
USA_HI_H200761_2020,HI,B1243
USA_HI_H210772_2020,HI,B1243
USA_HI_H211066_2020,HI,B1243
USA_HI_H210784_2020,HI,B1243
USA_HI_H210785_2020,HI,B1243
USA_HI_H210800_2020,HI,B1243
USA_HI_H210951_2020,HI,B1243
USA_HI_H210769_2020,HI,B1243
USA_HI_H200707_2020,HI,B1243
USA_HI_H200739_2020,HI,B1243
USA_HI_H210908_2020,HI,B1243
USA_HI_H210839_2020,HI,B1243
USA_HI_H210801_2020,HI,B1243
USA_HI_H200727_2020,HI,B1243
USA_HI_H210910_2020,HI,B1243
USA_HI_H210851_2020,HI,B1243
USA_HI_H210909_2020,HI,B1243
USA_HI_H211073_2020,HI,B1243
USA_HI_H210924_2020,HI,B1243
USA_HI_H210987_2020,HI,B1243
USA_HI_H210770_2020,HI,B1243
USA_HI_H200731_2020,HI,B1243
USA_HI_H211071_2020,HI,B1243
USA_HI_H210797_2020,HI,B1243
USA_HI_H210876_2020,HI,B1243
USA_HI_H210923_2020,HI,B1243
USA_HI_H210878_2020,HI,B1243
USA_HI_H210880_2020,HI,B1243
USA_HI_H210879_2020,HI,B1243
USA_HI_H210893_2021,HI,B1243
USA_HI_H210890_2021,HI,B1243
USA_HI_H210850_2020,HI,B1243
USA_HI_H210946_2020,HI,B1243
USA_HI_H211070_2020,HI,B1243
USA_HI_H211072_2020,HI,B1243
USA_HI_H211069_2020,HI,B1243
USA_HI_H210976_2020,HI,B1243
USA_HI_H210886_2021,HI,B1243
USA_HI_H210889_2021,HI,B1243
USA_HI_H210952_2020,HI,B1243
USA_HI_H210938_2021,HI,B1243
USA_HI_H210963_2021,HI,B1243
USA_HI_H210845_2020,HI,B1243
USA_HI_H210888_2021,HI,B1243
USA_HI_H210853_2020,HI,B1243
USA_HI_H210912_2021,HI,B1243
USA_HI_H210911_2021,HI,B1243
USA_HI_H210966_2021,HI,B1243
USA_HI_H210961_2021,HI,B1243
USA_HI_H210960_2021,HI,B1243
USA_HI_H210958_2021,HI,B1243
USA_HI_H210959_2021,HI,B1243
USA_HI_H210975_2020,HI,B1243
USA_HI_H210852_2020,HI,B1243
USA_HI_H210962_2021,HI,B1243
USA_HI_H200709_2020,HI,B1243
USA_HI_H200735_2020,HI,B1243
USA_HI_H200734_2020,HI,B1243
USA_HI_H210854_2020,HI,B1243
USA_HI_H200723_2020,HI,B1243
USA_HI_H210796_2020,HI,B1243
USA_HI_H210836_2020,HI,B1243
USA_HI_H210825_2020,HI,B1243
USA_HI_H200726_2020,HI,B1243
USA_HI_H210834_2020,HI,B1243
USA_HI_H200754_2020,HI,B1243
USA_HI_H210950_2020,HI,B1243
USA_HI_H210830_2020,HI,B1243
USA_HI_H200742_2020,HI,B1243
USA_HI_H210771_2020,HI,B1243
USA_HI_H210905_2020,HI,B1243
USA_HI_H210779_2020,HI,B1243
USA_HI_H210781_2020,HI,B1243
USA_HI_H210948_2020,HI,B1243
USA_HI_H200730_2020,HI,B1243
USA_HI_H200763_2020,HI,B1243
USA_HI_H200757_2020,HI,B1243
USA_HI_H200748_2020,HI,B1243
USA_HI_H210887_2021,HI,B1243
USA_HI_H210983_2020,HI,B1243
USA_HI_H210971_2020,HI,B1243
USA_HI_CDC_2_4068580_2021,HI,B1243
USA_HI_H211049_2021,HI,B1243
USA_HI_H211091_2021,HI,B1243
USA_HI_H210943_2021,HI,B1243
USA_HI_H211508_2021,HI,B1243
USA_HI_H210815_2021,HI,B1243
USA_HI_H210865_2021,HI,B1243
USA_HI_H210894_2021,HI,B1243
USA_HI_H210899_2021,HI,B1243
USA_HI_H210918_2021,HI,B1243
USA_HI_H210869_2021,HI,B1243
USA_HI_H210900_2021,HI,B1243
USA_HI_H210816_2021,HI,B1243
USA_HI_H210820_2021,HI,B1243
USA_HI_H210898_2021,HI,B1243
USA_HI_H210818_2021,HI,B1243
USA_HI_H210988_2021,HI,B1243
USA_HI_H210819_2021,HI,B1243
USA_HI_H210821_2021,HI,B1243
USA_HI_H210863_2021,HI,B1243
USA_HI_H210871_2021,HI,B1243
USA_HI_H210873_2021,HI,B1243
USA_HI_H210870_2021,HI,B1243
USA_HI_H210868_2021,HI,B1243
USA_HI_H210872_2021,HI,B1243
USA_HI_H210915_2021,HI,B1243
USA_HI_H210942_2021,HI,B1243
USA_HI_H210941_2021,HI,B1243
USA_HI_H210817_2021,HI,B1243
USA_HI_H200750_2020,HI,B1243
USA_HI_H210829_2020,HI,B1243
USA_HI_H210804_2020,HI,B1243
USA_HI_H210843_2020,HI,B1243
USA_HI_H210828_2020,HI,B1243
USA_HI_H200753_2020,HI,B1243
USA_HI_H210798_2020,HI,B1243
USA_HI_H200752_2020,HI,B1243
USA_HI_H210970_2020,HI,B1243
USA_HI_H210827_2020,HI,B1243
USA_HI_H210977_2020,HI,B1243
USA_HI_H210954_2021,HI,B1243
USA_HI_H211055_2020,HI,B1243
USA_HI_H211054_2020,HI,B1243
USA_HI_H210955_2021,HI,B1243
USA_HI_H210904_2020,HI,B1243
USA_HI_H200712_2020,HI,B1243
USA_HI_H210806_2020,HI,B1243
USA_HI_H211089_2020,HI,B1243
USA_HI_H200749_2020,HI,B1243
USA_HI_H210826_2020,HI,B1243
USA_HI_H210986_2020,HI,B1243
USA_HI_H210928_2021,HI,B1243
USA_HI_H210780_2020,HI,B1243
USA_HI_H200725_2020,HI,B1243
USA_HI_H210906_2020,HI,B1243
USA_HI_H200751_2020,HI,B1243
USA_HI_H210842_2020,HI,B1243
USA_HI_H210841_2020,HI,B1243
USA_HI_H210831_2020,HI,B1243
USA_HI_H200737_2020,HI,B1243
USA_HI_H210858_2020,HI,B1243
USA_HI_H200745_2020,HI,B1243
USA_HI_CDC_2_3714074_2020,HI,B1243
USA_HI_H200524_2020,HI,B1243
USA_HI_CDC_2_3713991_2020,HI,B1243
USA_HI_CDC_2_3713972_2020,HI,B1243
USA_HI_CDC_2_3713994_2020,HI,B1243
USA_HI_H200526_2020,HI,B1243
USA_HI_H200539_2020,HI,B1243
USA_HI_H200527_2020,HI,B1243
USA_HI_H200529_2020,HI,B1243
USA_HI_H200528_2020,HI,B1243
USA_HI_H200523_2020,HI,B1243
USA_HI_H200596_2020,HI,B1243
USA_HI_H200595_2020,HI,B1243
USA_HI_H200525_2020,HI,B1243
USA_HI_H200522_2020,HI,B1243
USA_HI_H200521_2020,HI,B1243
USA_HI_H200588_2020,HI,B1243
USA_HI_H200358_2020,HI,B1243
USA_HI_CDC_2_4068595_2020,HI,B1243
USA_HI_H200281_2020,HI,B1243
USA_HI_H200350_2020,HI,B1243
USA_HI_H200352_2020,HI,B1243
USA_HI_H200458_2020,HI,B1243
USA_HI_H200436_2020,HI,B1243
USA_HI_H200498_2020,HI,B1243
USA_HI_H200454_2020,HI,B1243
USA_HI_H200353_2020,HI,B1243
USA_HI_H200382_2020,HI,B1243
USA_HI_H200359_2020,HI,B1243
USA_HI_H200392_2020,HI,B1243
USA_HI_H200365_2020,HI,B1243
USA_HI_H200386_2020,HI,B1243
USA_HI_H200387_2020,HI,B1243
USA_HI_H200485_2020,HI,B1243
USA_HI_H200597_2020,HI,B1243
USA_HI_H200497_2020,HI,B1243
USA_HI_H200601_2020,HI,B1243
USA_HI_H200623_2020,HI,B1243
USA_HI_H200357_2020,HI,B1243
USA_HI_H200364_2020,HI,B1243
USA_HI_H200390_2020,HI,B1243
USA_HI_H200393_2020,HI,B1243
USA_HI_H200599_2020,HI,B1243
USA_HI_H200488_2020,HI,B1243
USA_HI_H200428_2020,HI,B1243
USA_HI_H200363_2020,HI,B1243
USA_HI_H200384_2020,HI,B1243
USA_HI_H200480_2020,HI,B1243
USA_HI_H200600_2020,HI,B1243
USA_HI_H200490_2020,HI,B1243
USA_HI_H200345_2020,HI,B1243
USA_HI_CDC_2_3713978_2020,HI,B1243
USA_HI_H200501_2020,HI,B1243
USA_HI_H200348_2020,HI,B1243
USA_HI_H200385_2020,HI,B1243
USA_HI_H200171_2020,HI,B1243
USA_HI_H200493_2020,HI,B1243
USA_HI_H200598_2020,HI,B1243
USA_HI_H200602_2020,HI,B1243
USA_HI_H200164_2020,HI,B1243
USA_HI_H200624_2020,HI,B1243
USA_HI_H200344_2020,HI,B1243
USA_HI_H200249_2020,HI,B1243
USA_HI_H200266_2020,HI,B1243
USA_HI_H200457_2020,HI,B1243
USA_HI_H200389_2020,HI,B1243
USA_HI_H200383_2020,HI,B1243
USA_HI_H200330_2020,HI,B1243
USA_HI_H200156_2020,HI,B1243
USA_HI_H200575_2020,HI,B1243
USA_HI_H200391_2020,HI,B1243
USA_HI_H200487_2020,HI,B1243
USA_HI_H200486_2020,HI,B1243
USA_HI_H200283_2020,HI,B1243
USA_HI_H200261_2020,HI,B1243
USA_HI_H200366_2020,HI,B1243
USA_HI_H200430_2020,HI,B1243
USA_HI_H200431_2020,HI,B1243
USA_HI_H200470_2020,HI,B1243
USA_HI_H200433_2020,HI,B1243
USA_HI_H200437_2020,HI,B1243
USA_HI_H200447_2020,HI,B1243
USA_HI_H200429_2020,HI,B1243
USA_HI_H200471_2020,HI,B1243
USA_HI_H200466_2020,HI,B1243
USA_HI_H200434_2020,HI,B1243
USA_HI_H200448_2020,HI,B1243
USA_HI_H200499_2020,HI,B1243
USA_HI_H200180_2020,HI,B1243
USA_HI_H200576_2020,HI,B1243
USA_HI_H200621_2020,HI,B1243
USA_HI_H200577_2020,HI,B1243
USA_HI_H200253_2020,HI,B1243
USA_HI_H200259_2020,HI,B1243
USA_HI_H200414_2020,HI,B1243
USA_HI_H200481_2020,HI,B1243
USA_HI_H200516_2020,HI,B1243
USA_HI_H200162_2020,HI,B1243
USA_HI_H200331_2020,HI,B1243
USA_HI_H200362_2020,HI,B1243
USA_HI_H200388_2020,HI,B1243
USA_HI_H200456_2020,HI,B1243
USA_HI_H200519_2020,HI,B1243
USA_HI_H200503_2020,HI,B1243
USA_HI_H200515_2020,HI,B1243
USA_HI_H200504_2020,HI,B1243
USA_HI_H200622_2020,HI,B1243
USA_HI_H210916_2021,HI,B1243
USA_HI_H200409_2020,HI,B1243
USA_HI_H200328_2020,HI,B1243
USA_HI_H200505_2020,HI,B1243
USA_HI_H200329_2020,HI,B1243
USA_HI_H200543_2020,HI,B1243
USA_HI_H200545_2020,HI,B1243
USA_HI_H200585_2020,HI,B1243
USA_HI_H200586_2020,HI,B1243
USA_HI_H200546_2020,HI,B1243
USA_HI_H200544_2020,HI,B1243
USA_HI_H200426_2020,HI,B1243
USA_HI_H200411_2020,HI,B1243
USA_HI_H200446_2020,HI,B1243
USA_HI_H200445_2020,HI,B1243
USA_HI_H200467_2020,HI,B1243
USA_HI_H200473_2020,HI,B1243
USA_HI_H200578_2020,HI,B1243
USA_HI_H200580_2020,HI,B1243
USA_HI_H200579_2020,HI,B1243
USA_HI_H200360_2020,HI,B1243
USA_HI_H200438_2020,HI,B1243
USA_HI_H200461_2020,HI,B1243
USA_HI_H200468_2020,HI,B1243
USA_HI_H200450_2020,HI,B1243
USA_HI_H200460_2020,HI,B1243
USA_HI_H200669_2020,HI,B1243
USA_HI_H200672_2020,HI,B1243
USA_HI_H200670_2020,HI,B1243
USA_HI_H200459_2020,HI,B1243
USA_HI_H200671_2020,HI,B1243
USA_HI_H200693_2020,HI,B1243
USA_HI_H210788_2020,HI,B1243
USA_HI_H200469_2020,HI,B1243
USA_HI_H200440_2020,HI,B1243
USA_HI_H200355_2020,HI,B1243
USA_HI_H200377_2020,HI,B1243
USA_HI_H200399_2020,HI,B1243
USA_HI_H200356_2020,HI,B1243
USA_HI_H200402_2020,HI,B1243
USA_HI_H200376_2020,HI,B1243
USA_HI_H200401_2020,HI,B1243
USA_HI_H200367_2020,HI,B1243
USA_HI_H200368_2020,HI,B1243
USA_HI_H200395_2020,HI,B1243
USA_HI_H200397_2020,HI,B1243
USA_HI_H200396_2020,HI,B1243
USA_HI_H200379_2020,HI,B1243
USA_HI_H200400_2020,HI,B1243
USA_HI_H200398_2020,HI,B1243
USA_HI_H200403_2020,HI,B1243
USA_HI_H200404_2020,HI,B1243
USA_HI_H200133_2020,HI,B1243
USA_HI_H200174_2020,HI,B1243
USA_HI_H200207_2020,HI,B1243
USA_HI_H200270_2020,HI,B1243
USA_HI_H200290_2020,HI,B1243
USA_HI_H200185_2020,HI,B1243
USA_HI_H200182_2020,HI,B1243
USA_HI_H200183_2020,HI,B1243
USA_HI_H200176_2020,HI,B1243
USA_HI_H200188_2020,HI,B1243
USA_HI_H200222_2020,HI,B1243
USA_HI_H200507_2020,HI,B1243
USA_HI_H200307_2020,HI,B1243
USA_HI_H200335_2020,HI,B1243
USA_HI_H200311_2020,HI,B1243
USA_HI_H200297_2020,HI,B1243
USA_HI_H200310_2020,HI,B1243
USA_HI_H200220_2020,HI,B1243
USA_HI_H200309_2020,HI,B1243
USA_HI_H200315_2020,HI,B1243
USA_HI_H200195_2020,HI,B1243
USA_HI_H200228_2020,HI,B1243
USA_HI_H200308_2020,HI,B1243
USA_HI_H200206_2020,HI,B1243
USA_HI_H200204_2020,HI,B1243
USA_HI_H200299_2020,HI,B1243
USA_HI_H200332_2020,HI,B1243
USA_HI_H200236_2020,HI,B1243
USA_HI_H200342_2020,HI,B1243
USA_HI_H200381_2020,HI,B1243
USA_HI_H200208_2020,HI,B1243
USA_HI_H200267_2020,HI,B1243
USA_HI_H200239_2020,HI,B1243
USA_HI_H200217_2020,HI,B1243
USA_HI_H200235_2020,HI,B1243
USA_HI_H200322_2020,HI,B1243
USA_HI_H200343_2020,HI,B1243
USA_HI_H200246_2020,HI,B1243
USA_HI_H200337_2020,HI,B1243
USA_HI_H200247_2020,HI,B1243
USA_HI_H200294_2020,HI,B1243
USA_HI_H200250_2020,HI,B1243
USA_HI_H200263_2020,HI,B1243
USA_HI_H200190_2020,HI,B1243
USA_HI_H200192_2020,HI,B1243
USA_HI_H200273_2020,HI,B1243
USA_HI_H200202_2020,HI,B1243
USA_HI_H200223_2020,HI,B1243
USA_HI_H200225_2020,HI,B1243
USA_HI_H200306_2020,HI,B1243
USA_HI_H200237_2020,HI,B1243
USA_HI_H200301_2020,HI,B1243
USA_HI_H200233_2020,HI,B1243
USA_HI_H200234_2020,HI,B1243
USA_HI_H200224_2020,HI,B1243
USA_HI_H200240_2020,HI,B1243
USA_HI_H200213_2020,HI,B1243
USA_HI_H200305_2020,HI,B1243
USA_HI_H200420_2020,HI,B1243
USA_HI_H200200_2020,HI,B1243
USA_HI_H200251_2020,HI,B1243
USA_HI_H200252_2020,HI,B1243
USA_HI_H200189_2020,HI,B1243
USA_HI_H200196_2020,HI,B1243
USA_HI_H200229_2020,HI,B1243
USA_HI_H200226_2020,HI,B1243
USA_HI_H200417_2020,HI,B1243
USA_HI_H200205_2020,HI,B1243
USA_HI_H200415_2020,HI,B1243
USA_HI_H200421_2020,HI,B1243
USA_HI_H200508_2020,HI,B1243
USA_HI_H200280_2020,HI,B1243
USA_HI_H200509_2020,HI,B1243
USA_HI_H200300_2020,HI,B1243
USA_HI_H200272_2020,HI,B1243
USA_HI_H200191_2020,HI,B1243
USA_HI_H200193_2020,HI,B1243
USA_HI_H200302_2020,HI,B1243
USA_HI_H200418_2020,HI,B1243
USA_HI_H200419_2020,HI,B1243
USA_HI_H200194_2020,HI,B1243
USA_HI_H200227_2020,HI,B1243
USA_HI_H200231_2020,HI,B1243
USA_HI_H200230_2020,HI,B1243
USA_HI_H200219_2020,HI,B1243
USA_HI_H200218_2020,HI,B1243
USA_HI_H200221_2020,HI,B1243
USA_HI_H200201_2020,HI,B1243
USA_HI_H200198_2020,HI,B1243
USA_HI_H200212_2020,HI,B1243
USA_HI_H200199_2020,HI,B1243
USA_HI_H200296_2020,HI,B1243
USA_HI_H200298_2020,HI,B1243
USA_HI_H200293_2020,HI,B1243
USA_HI_H200216_2020,HI,B1243
USA_HI_H200232_2020,HI,B1243
USA_HI_H200214_2020,HI,B1243
USA_HI_H200274_2020,HI,B1243
USA_HI_H200244_2020,HI,B1243
USA_HI_H200295_2020,HI,B1243
USA_HI_H200510_2020,HI,B1243
USA_HI_H200340_2020,HI,B1243
USA_HI_H200477_2020,HI,B1243
USA_HI_H200197_2020,HI,B1243
USA_HI_H200422_2020,HI,B1243
USA_HI_H200215_2020,HI,B1243
USA_HI_H200209_2020,HI,B1243
USA_HI_H200325_2020,HI,B1243
USA_HI_H200304_2020,HI,B1243
USA_HI_H200211_2020,HI,B1243
USA_HI_H200241_2020,HI,B1243
USA_HI_H200264_2020,HI,B1243
USA_HI_H200334_2020,HI,B1243
USA_HI_H200336_2020,HI,B1243
USA_HI_H200333_2020,HI,B1243
USA_HI_H200349_2020,HI,B1243
USA_HI_H200455_2020,HI,B1243
USA_HI_H200441_2020,HI,B1243
USA_HI_H200584_2020,HI,B1243
USA_HI_H200472_2020,HI,B1243
USA_HI_H200548_2020,HI,B1243
USA_HI_H200423_2020,HI,B1243
USA_HI_H200442_2020,HI,B1243
USA_HI_H200439_2020,HI,B1243
USA_HI_H200424_2020,HI,B1243
USA_HI_H200425_2020,HI,B1243
USA_HI_H200492_2020,HI,B1243
USA_HI_H200154_2020,HI,B1243
USA_HI_H200184_2020,HI,B1243
USA_HI_H200277_2020,HI,B1243
USA_HI_H200175_2020,HI,B1243
USA_HI_H200287_2020,HI,B1243
USA_HI_H200292_2020,HI,B1243
USA_HI_H211155_2021,HI,B1243
USA_HI_H211168_2021,HI,B1243
USA_HI_H200257_2020,HI,B1243
USA_HI_H200271_2020,HI,B1243
USA_HI_H200351_2020,HI,B1243
USA_HI_H200354_2020,HI,B1243
USA_HI_H200181_2020,HI,B1243
USA_HI_H200179_2020,HI,B1243
USA_HI_H200203_2020,HI,B1243
USA_HI_H200303_2020,HI,B1243
USA_HI_H200238_2020,HI,B1243
USA_HI_H200265_2020,HI,B1243
USA_HI_H200701_2020,HI,B1243
USA_HI_H200178_2020,HI,B1243
USA_HI_H200254_2020,HI,B1243
USA_HI_H200408_2020,HI,B1243
USA_HI_H200258_2020,HI,B1243
USA_HI_H200482_2020,HI,B1243
USA_HI_H200483_2020,HI,B1243
USA_HI_H200276_2020,HI,B1243
USA_HI_H200288_2020,HI,B1243
USA_HI_H200412_2020,HI,B1243
USA_HI_H200289_2020,HI,B1243
USA_HI_H200406_2020,HI,B1243
USA_HI_H200173_2020,HI,B1243
USA_HI_H200163_2020,HI,B1243
USA_HI_H200513_2020,HI,B1243
USA_HI_H200170_2020,HI,B1243
USA_HI_H200187_2020,HI,B1243
USA_HI_H200339_2020,HI,B1243
USA_HI_H200210_2020,HI,B1243
USA_HI_H200242_2020,HI,B1243
USA_HI_H200245_2020,HI,B1243
USA_HI_H200317_2020,HI,B1243
USA_HI_H200514_2020,HI,B1243
USA_HI_H200243_2020,HI,B1243
USA_HI_H200255_2020,HI,B1243
USA_HI_H200248_2020,HI,B1243
USA_HI_H200262_2020,HI,B1243
USA_HI_H200323_2020,HI,B1243
USA_HI_H200319_2020,HI,B1243
USA_HI_H200282_2020,HI,B1243
USA_HI_H200275_2020,HI,B1243
USA_HI_H200278_2020,HI,B1243
USA_HI_H200346_2020,HI,B1243
USA_HI_H200347_2020,HI,B1243
USA_HI_H200279_2020,HI,B1243
USA_HI_H200326_2020,HI,B1243
USA_HI_H200327_2020,HI,B1243
USA_HI_H200407_2020,HI,B1243
USA_HI_H200502_2020,HI,B1243
USA_HI_H200427_2020,HI,B1243
USA_HI_H200574_2020,HI,B1243
USA_HI_H200312_2020,HI,B1243
USA_HI_H200324_2020,HI,B1243
USA_HI_H200318_2020,HI,B1243
USA_HI_H200256_2020,HI,B1243
USA_HI_H200268_2020,HI,B1243
USA_HI_H200269_2020,HI,B1243
USA_HI_H200453_2020,HI,B1243
USA_HI_H200361_2020,HI,B1243
USA_HI_H200444_2020,HI,B1243
USA_HI_H200475_2020,HI,B1243
USA_HI_H200451_2020,HI,B1243
USA_HI_H200530_2020,HI,B1243
USA_HI_H200534_2020,HI,B1243
USA_HI_H200553_2020,HI,B1243
USA_HI_H200566_2020,HI,B1243
USA_HI_H200537_2020,HI,B1243
USA_HI_H200563_2020,HI,B1243
USA_HI_H200567_2020,HI,B1243
USA_HI_H200570_2020,HI,B1243
USA_HI_H200557_2020,HI,B1243
USA_HI_H200556_2020,HI,B1243
USA_HI_H200564_2020,HI,B1243
USA_HI_H200565_2020,HI,B1243
USA_HI_H200562_2020,HI,B1243
USA_HI_H200555_2020,HI,B1243
USA_HI_H200536_2020,HI,B1243
USA_HI_H200538_2020,HI,B1243
USA_HI_H200533_2020,HI,B1243
USA_HI_H200554_2020,HI,B1243
USA_HI_H200559_2020,HI,B1243
USA_HI_H200561_2020,HI,B1243
USA_HI_H200560_2020,HI,B1243
USA_HI_H200569_2020,HI,B1243
USA_HI_H200532_2020,HI,B1243
USA_HI_H200552_2020,HI,B1243
USA_HI_H200571_2020,HI,B1243
USA_HI_H200572_2020,HI,B1243
USA_HI_H200550_2020,HI,B1243
USA_HI_H200583_2020,HI,B1243
USA_HI_H200582_2020,HI,B1243
USA_HI_H200581_2020,HI,B1243
USA_HI_H200177_2020,HI,B1243
USA_HI_H200260_2020,HI,B1243
USA_HI_H200452_2020,HI,B1243
USA_HI_H200573_2020,HI,B1243
USA_HI_H200313_2020,HI,B1243
USA_HI_H200316_2020,HI,B1243
USA_HI_H200314_2020,HI,B1243
USA_HI_H200540_2020,HI,B1243
USA_HI_H200541_2020,HI,B1243
USA_HI_H200547_2020,HI,B1243
USA_HI_H200625_2020,HI,B1243
USA_HI_H200284_2020,HI,B1243
USA_HI_H200435_2020,HI,B1243
USA_HI_H200463_2020,HI,B1243
USA_HI_H200496_2020,HI,B1243
USA_HI_H200495_2020,HI,B1243
USA_HI_H200494_2020,HI,B1243
USA_HI_H200462_2020,HI,B1243
USA_HI_H200464_2020,HI,B1243
USA_HI_H200465_2020,HI,B1243
USA_HI_H200449_2020,HI,B1243
USA_HI_H200443_2020,HI,B1243
USA_HI_H200589_2020,HI,B1243
USA_HI_H211007_2021,HI,B1243
USA_HI_H211181_2021,HI,B1243
USA_HI_H211496_2021,HI,B1243
USA_HI_H210864_2020,HI,B1243
USA_HI_H210867_2020,HI,B1243
USA_HI_H210866_2020,HI,B1243
USA_HI_H211045_2021,HI,B1243
USA_HI_H210862_2020,HI,B1243
USA_HI_H210861_2020,HI,B1243
USA_HI_H210917_2021,HI,B1243
USA_HI_H210897_2020,HI,B1243
USA_HI_H211086_2021,HI,B1243
USA_HI_H211513_2021,HI,B1243
USA_HI_H210965_2021,HI,B1243
USA_HI_H211514_2021,HI,B1243
USA_HI_H200594_2020,HI,B1243
USA_HI_H200618_2020,HI,B1243
USA_HI_H200634_2020,HI,B1243
USA_HI_H200639_2020,HI,B1243
USA_HI_H200674_2020,HI,B1243
USA_HI_H200630_2020,HI,B1243
USA_HI_H200620_2020,HI,B1243
USA_HI_H200643_2020,HI,B1243
USA_HI_H200616_2020,HI,B1243
USA_HI_H200632_2020,HI,B1243
USA_HI_H200646_2020,HI,B1243
USA_HI_H200676_2020,HI,B1243
USA_HI_H200652_2020,HI,B1243
USA_HI_H200655_2020,HI,B1243
USA_HI_H200683_2020,HI,B1243
USA_HI_H200645_2020,HI,B1243
USA_HI_H200591_2020,HI,B1243
USA_HI_H200647_2020,HI,B1243
USA_HI_H200703_2020,HI,B1243
USA_HI_H200642_2020,HI,B1243
USA_HI_H200650_2020,HI,B1243
USA_HI_H200685_2020,HI,B1243
USA_HI_H200702_2020,HI,B1243
USA_HI_H200717_2020,HI,B1243
USA_HI_H210792_2020,HI,B1243
USA_HI_H210793_2020,HI,B1243
USA_HI_H210795_2020,HI,B1243
USA_HI_CDC_2_3713981_2020,HI,B1243
USA_HI_H200631_2020,HI,B1243
USA_HI_H200592_2020,HI,B1243
USA_HI_H200608_2020,HI,B1243
USA_HI_H200656_2020,HI,B1243
USA_HI_H200686_2020,HI,B1243
USA_HI_H200615_2020,HI,B1243
USA_HI_H200694_2020,HI,B1243
USA_HI_H200593_2020,HI,B1243
USA_HI_H200603_2020,HI,B1243
USA_HI_H200614_2020,HI,B1243
USA_HI_H200605_2020,HI,B1243
USA_HI_H200604_2020,HI,B1243
USA_HI_H200606_2020,HI,B1243
USA_HI_H200612_2020,HI,B1243
USA_HI_H200619_2020,HI,B1243
USA_HI_H200651_2020,HI,B1243
USA_HI_H200641_2020,HI,B1243
USA_HI_H200659_2020,HI,B1243
USA_HI_H200638_2020,HI,B1243
USA_HI_H200611_2020,HI,B1243
USA_HI_H200640_2020,HI,B1243
USA_HI_H200637_2020,HI,B1243
USA_HI_H200636_2020,HI,B1243
USA_HI_H200629_2020,HI,B1243
USA_HI_H200609_2020,HI,B1243
USA_HI_H200607_2020,HI,B1243
USA_HI_H200613_2020,HI,B1243
USA_HI_H200657_2020,HI,B1243
USA_HI_H200663_2020,HI,B1243
USA_HI_H200665_2020,HI,B1243
USA_HI_H200698_2020,HI,B1243
USA_HI_H200691_2020,HI,B1243
USA_HI_H200699_2020,HI,B1243
USA_HI_H200697_2020,HI,B1243
USA_HI_H200696_2020,HI,B1243
USA_HI_H200660_2020,HI,B1243
USA_HI_H200666_2020,HI,B1243
USA_HI_H200695_2020,HI,B1243
USA_HI_H210790_2020,HI,B1243
USA_HI_H200668_2020,HI,B1243
USA_HI_H200679_2020,HI,B1243
USA_HI_H200673_2020,HI,B1243
USA_HI_H200633_2020,HI,B1243
USA_HI_H200617_2020,HI,B1243
USA_HI_H200610_2020,HI,B1243
USA_HI_H200664_2020,HI,B1243
USA_HI_H200684_2020,HI,B1243
USA_HI_H210794_2020,HI,B1243
USA_HI_H200635_2020,HI,B1243
USA_HI_H200658_2020,HI,B1243
USA_HI_H200661_2020,HI,B1243
USA_HI_H200667_2020,HI,B1243
USA_HI_H200682_2020,HI,B1243
USA_HI_H200688_2020,HI,B1243
USA_HI_H200681_2020,HI,B1243
USA_HI_H200662_2020,HI,B1243
USA_HI_H200675_2020,HI,B1243
USA_HI_H200680_2020,HI,B1243
USA_HI_H200690_2020,HI,B1243
USA_HI_H200687_2020,HI,B1243
USA_HI_CDC_2_4068726_2020,HI,B1243
USA_HI_H210791_2020,HI,B1243
USA_CA_LACPHL_AF00517_2021,LA,B1243
USA_CA_LACPHL_AF00573_2021,LA,B1243
USA_CA_CDC_2_4173847_2021,LA,B1243
USA_CA_LACPHL_AF01118_2021,LA,B1243
USA_CA_LACPHL_AF01514_2021,LA,B1243
USA_CA_LACPHL_AF02152_2021,LA,B1243
USA_CA_CDPH1003_2021,LA,B1243
USA_CA_CDPH_3000028156_2021,LA,B1243
USA_CA_LACPHL_AF00668_2021,LA,B1243
USA_CA_LACPHL_AF00718_2021,LA,B1243
USA_CA_CDPH_2000042709_2021,LA,B1243
USA_CA_CDPH_3000039150_2021,LA,B1243
USA_CA_CDPH_3000022008_2021,LA,B1243
USA_CA_LACPHL_AF00299_2021,LA,B1243
USA_CA_LACPHL_AF00678_2021,LA,B1243
USA_CA_LACPHL_AF00856_2021,LA,B1243
USA_CA_CDPH_3000030067_2021,LA,B1243
USA_CA_CDPH_3000028312_2021,LA,B1243
USA_CA_LACPHL_AF01318_2021,LA,B1243
USA_CA_CDPH_2000049342_2021,LA,B1243
USA_CA_CDPH_3000052427_2021,LA,B1243
USA_CA_CDPH_3000052426_2021,LA,B1243
USA_CA_LACPHL_AF00740_2021,LA,B1243
USA_CA_CDC_2_4282910_2021,LA,B1243
USA_CA_LACPHL_AF01058_2021,LA,B1243
USA_CA_LACPHL_AF01083_2021,LA,B1243
USA_CA_CDPH_3000030369_2021,LA,B1243
USA_CA_CDPH_3000007401_2021,LA,B1243
USA_CA_CDCBI_FlowHealth_00436_2021,LA,B1243
USA_CA_LACPHL_AF00854_2021,LA,B1243
USA_CA_LACPHL_AF00881_2021,LA,B1243
USA_CA_CDCBI_FlowHealth_00507_2021,LA,B1243
USA_CA_CDPH_3000047875_2021,LA,B1243
USA_CA_CDPH_2000044521_2021,LA,B1243
USA_CA_CDPH_3000006051_2021,LA,B1243
USA_CA_CDPH_3000053659_2021,LA,B1243
USA_CA_CDC_2_4174057_2021,LA,B1243
USA_CA_CSMC136_2021,LA,B1243
USA_CA_CSMC56_2021,LA,B1243
USA_CA_CDC_2_4242795_2021,LA,B1243
USA_CA_CDC_2_4242791_2021,LA,B1243
USA_CA_LACPHL_AF01104_2021,LA,B1243
USA_CA_CDPH_3000009948_2021,LA,B1243
USA_CA_LACPHL_AF01040_2021,LA,B1243
USA_CA_LACPHL_AF01456_2021,LA,B1243
USA_CA_LACPHL_AF02234_2021,LA,B1243
USA_CA_LACPHL_AF02231_2021,LA,B1243
USA_CA_LACPHL_AF02232_2021,LA,B1243
USA_CA_CDPH_3000021825_2021,LA,B1243
USA_CA_CDC_2_4176943_2021,LA,B1243
USA_CA_CDC_2_4451271_2021,LA,B1243
USA_CA_CSMC72_2021,LA,B1243
USA_CA_CSMC64_2021,LA,B1243
USA_CA_LACPHL_AF01021_2021,LA,B1243
USA_CA_CDPH_3000047876_2021,LA,B1243
USA_CA_CDPH_3000005763_2021,LA,B1243
USA_CA_CDPH_2000046773_2021,LA,B1243
USA_CA_CDPH_2000046926_2021,LA,B1243
USA_CA_CDPH_2000046997_2021,LA,B1243
USA_CA_CDPH_2000047005_2021,LA,B1243
USA_CA_CDPH_3000032764_2021,LA,B1243
USA_CA_CDPH_3000032769_2021,LA,B1243
USA_CA_CDPH_2000046797_2021,LA,B1243
USA_CA_CDPH_2000046850_2021,LA,B1243
USA_CA_CDPH_2000046772_2021,LA,B1243
USA_CA_CDPH_3000032696_2021,LA,B1243
USA_CA_LACPHL_AF00869_2021,LA,B1243
USA_CA_CDPH_3000053248_2021,LA,B1243
USA_CA_CDPH_2000048376_2021,LA,B1243
USA_CA_CDPH_3000040693_2021,LA,B1243
USA_CA_CDPH_3000030194_2021,LA,B1243
USA_CA_CDPH_3000049374_2021,LA,B1243
USA_CA_CDPH_2000048546_2021,LA,B1243
USA_CA_CDPH_3000040745_2021,LA,B1243
USA_CA_CDPH_2000048554_2021,LA,B1243
USA_CA_CDPH_3000031376_2021,LA,B1243
USA_CA_LACPHL_AF01048_2021,LA,B1243
USA_CA_LACPHL_AF02226_2021,LA,B1243
USA_CA_LACPHL_AF00870_2021,LA,B1243
USA_CA_LACPHL_AF01336_2021,LA,B1243
USA_CA_CDPH_3000120188_2021,LA,B1243
USA_CA_CDPH_3000051475_2021,LA,B1243
USA_CA_CDPH_3000018594_2021,LA,B1243
USA_CA_CDPH_3000015173_2021,LA,B1243
USA_CA_CDPH_3000050932_2021,LA,B1243
USA_CA_LACPHL_AF00980_2021,LA,B1243
USA_CA_LACPHL_AF01142_2021,LA,B1243
USA_CA_CDPH_3000028515_2021,LA,B1243
USA_CA_CDPH_3000014172_2021,LA,B1243
USA_CA_CDPH_3000010700_2021,LA,B1243
USA_CA_CDPH_3000053620_2021,LA,B1243
USA_CA_CSMC68_2021,LA,B1243
USA_CA_CSMC321_2021,LA,B1243
USA_CA_LACPHL_AF00851_2021,LA,B1243
USA_CA_CDC_2_4282818_2021,LA,B1243
USA_CA_CDC_2_4502945_2021,LA,B1243
USA_CA_CDC_2_4451297_2021,LA,B1243
USA_CA_CDPH_2000046080_2021,LA,B1243
USA_CA_CDPH_3000048658_2021,LA,B1243
USA_CA_CSMC232_2021,LA,B1243
USA_CA_CDPH_2000045244_2021,LA,B1243
USA_CA_CDPH_3000006928_2021,LA,B1243
USA_CA_LACPHL_AF00871_2021,LA,B1243
USA_CA_LACPHL_AF00949_2021,LA,B1243
USA_CA_LACPHL_AF00553_2021,LA,B1243
USA_CA_LACPHL_AF01437_2021,LA,B1243
USA_CA_CDPH_6000009938_2021,LA,B1243
USA_CA_CDC_2_4282816_2021,LA,B1243
USA_CA_CDC_2_4173988_2021,LA,B1243
USA_CA_CDC_2_4174053_2021,LA,B1243
USA_CA_LACPHL_AF00368_2021,LA,B1243
USA_CA_LACPHL_AF01141_2021,LA,B1243
USA_CA_LACPHL_AF01140_2021,LA,B1243
USA_CA_LACPHL_AF00645_2021,LA,B1243
USA_CA_LACPHL_AF00941_2021,LA,B1243
USA_CA_CDPH_2000046867_2021,LA,B1243
USA_CA_CDPH_2000046913_2021,LA,B1243
USA_CA_CDPH_2000048157_2021,LA,B1243
USA_CA_CDPH_2000046883_2021,LA,B1243
USA_CA_CSMC148_2021,LA,B1243
USA_CA_CSMC160_2021,LA,B1243
USA_CA_CDC_2_4173972_2021,LA,B1243
USA_CA_LACPHL_AF00946_2021,LA,B1243
USA_CA_CDPH_2000049496_2021,LA,B1243
USA_CA_LACPHL_AF00833_2021,LA,B1243
USA_CA_LACPHL_AF01122_2021,LA,B1243
USA_CA_LACPHL_AF01207_2021,LA,B1243
USA_CA_LACPHL_AF01371_2021,LA,B1243
USA_CA_CDPH_3000030626_2021,LA,B1243
USA_CA_CDPH_2000047269_2021,LA,B1243
USA_CA_CDC_2_4214147_2021,LA,B1243
USA_CA_CDC_2_4214121_2021,LA,B1243
USA_CA_LACPHL_AF01049_2021,LA,B1243
USA_CA_LACPHL_AF01372_2021,LA,B1243
USA_CA_LACPHL_AF01025_2021,LA,B1243
USA_CA_CDPH_2000046426_2021,LA,B1243
USA_CA_CDPH_3000031320_2021,LA,B1243
USA_CA_LACPHL_AF01030_2021,LA,B1243
USA_CA_CSMC41_2021,LA,B1243
USA_CA_CDPH_3000053069_2021,LA,B1243
USA_CA_CDPH_2000045239_2021,LA,B1243
USA_CA_CDPH_2000047916_2021,LA,B1243
USA_CA_CDPH_3000028914_2021,LA,B1243
USA_CA_CDPH_2000045705_2021,LA,B1243
USA_CA_CDPH_3000012265_2021,LA,B1243
USA_CA_CDPH_3000007006_2021,LA,B1243
USA_CA_CDPH_3000012213_2021,LA,B1243
USA_CA_CDPH_3000006609_2021,LA,B1243
USA_CA_CDPH_3000016512_2021,LA,B1243
USA_CA_CDPH_3000029893_2021,LA,B1243
USA_CA_CDPH_3000012863_2021,LA,B1243
USA_CA_CDPH_3000049605_2021,LA,B1243
USA_CA_CDPH_3000046481_2021,LA,B1243
USA_CA_CDPH_3000025009_2021,LA,B1243
USA_CA_CDPH_2000048615_2021,LA,B1243
USA_CA_LACPHL_AF00524_2021,LA,B1243
USA_CA_LACPHL_AF00973_2021,LA,B1243
USA_CA_CSMC78_2021,LA,B1243
USA_CA_LACPHL_AF00574_2021,LA,B1243
USA_CA_CDPH_3000027742_2021,LA,B1243
USA_CA_CDPH_3000010699_2021,LA,B1243
USA_CA_CDPH_3000028517_2021,LA,B1243
USA_CA_LACPHL_AF00598_2021,LA,B1243
USA_CA_LACPHL_AF00667_2021,LA,B1243
USA_CA_LACPHL_AF00765_2021,LA,B1243
USA_CA_LACPHL_AF01007_2021,LA,B1243
USA_CA_LACPHL_AF04344_2021,LA,B1243
USA_CA_LACPHL_AF01742_2021,LA,B1243
USA_CA_CDPH_3000026880_2021,LA,B1243
USA_CA_CDPH_3000029786_2021,LA,B1243
USA_CA_LACPHL_AF00697_2021,LA,B1243
USA_CA_CDC_2_4242860_2021,LA,B1243
USA_CA_LACPHL_AF00726_2021,LA,B1243
USA_CA_LACPHL_AF00788_2021,LA,B1243
USA_CA_LACPHL_AF00836_2021,LA,B1243
USA_CA_LACPHL_AF00804_2021,LA,B1243
USA_CA_LACPHL_AF00809_2021,LA,B1243
USA_CA_LACPHL_AF00815_2021,LA,B1243
USA_CA_LACPHL_AF00811_2021,LA,B1243
USA_CA_LACPHL_AF00816_2021,LA,B1243
USA_CA_LACPHL_AF00749_2021,LA,B1243
USA_CA_LACPHL_AF00742_2021,LA,B1243
USA_CA_LACPHL_AF00766_2021,LA,B1243
USA_CA_LACPHL_AF00743_2021,LA,B1243
USA_CA_LACPHL_AF00859_2021,LA,B1243
USA_CA_LACPHL_AF00752_2021,LA,B1243
USA_CA_LACPHL_AF00772_2021,LA,B1243
USA_CA_LACPHL_AF00748_2021,LA,B1243
USA_CA_LACPHL_AF00745_2021,LA,B1243
USA_CA_LACPHL_AF00819_2021,LA,B1243
USA_CA_LACPHL_AF00750_2021,LA,B1243
USA_CA_LACPHL_AF00789_2021,LA,B1243
USA_CA_LACPHL_AF00898_2021,LA,B1243
USA_CA_LACPHL_AF00770_2021,LA,B1243
USA_CA_LACPHL_AF00731_2021,LA,B1243
USA_CA_LACPHL_AF00754_2021,LA,B1243
USA_CA_LACPHL_AF00817_2021,LA,B1243
USA_CA_LACPHL_AF00822_2021,LA,B1243
USA_CA_LACPHL_AF00820_2021,LA,B1243
USA_CA_LACPHL_AF00801_2021,LA,B1243
USA_CA_LACPHL_AF00795_2021,LA,B1243
USA_CA_LACPHL_AF00753_2021,LA,B1243
USA_CA_LACPHL_AF00755_2021,LA,B1243
USA_CA_LACPHL_AF00802_2021,LA,B1243
USA_CA_LACPHL_AF00807_2021,LA,B1243
USA_CA_LACPHL_AF00823_2021,LA,B1243
USA_CA_LACPHL_AF00812_2021,LA,B1243
USA_CA_LACPHL_AF00837_2021,LA,B1243
USA_CA_LACPHL_AF00769_2021,LA,B1243
USA_CA_LACPHL_AF00794_2021,LA,B1243
USA_CA_LACPHL_AF00830_2021,LA,B1243
USA_CA_LACPHL_AF00827_2021,LA,B1243
USA_CA_LACPHL_AF00821_2021,LA,B1243
USA_CA_LACPHL_AF00835_2021,LA,B1243
USA_CA_LACPHL_AF00810_2021,LA,B1243
USA_CA_LACPHL_AF00803_2021,LA,B1243
USA_CA_LACPHL_AF00843_2021,LA,B1243
USA_CA_LACPHL_AF00824_2021,LA,B1243
USA_CA_LACPHL_AF00786_2021,LA,B1243
USA_CA_LACPHL_AF00768_2021,LA,B1243
USA_CA_LACPHL_AF00808_2021,LA,B1243
USA_CA_LACPHL_AF00825_2021,LA,B1243
USA_CA_LACPHL_AF00841_2021,LA,B1243
USA_CA_CDC_2_4214238_2021,LA,B1243
USA_CA_CDC_2_4242796_2021,LA,B1243
USA_CA_CDPH_3000044247_2021,LA,B1243
USA_CA_CDPH_3000048657_2021,LA,B1243
USA_CA_CDPH_2000046796_2021,LA,B1243
USA_CA_LACPHL_AF01233_2021,LA,B1243
USA_CA_CDPH_3000048661_2021,LA,B1243
USA_CA_CDPH_3000050667_2021,LA,B1243
USA_CA_CDPH_2000046754_2021,LA,B1243
USA_CA_CDPH_2000046757_2021,LA,B1243
USA_CA_CDPH_3000006108_2021,LA,B1243
USA_CA_CDPH_2000040754_2021,LA,B1243
USA_CA_CDPH_3000020612_2021,LA,B1243
USA_CA_CDPH_3000019305_2021,LA,B1243
USA_CA_CDPH_3000022026_2021,LA,B1243
USA_CA_CDPH_3000016286_2021,LA,B1243
USA_CA_CDPH_2000045114_2021,LA,B1243
USA_CA_CDPH_3000013290_2021,LA,B1243
USA_CA_CDPH_3000013310_2021,LA,B1243
USA_CA_CDPH_3000013289_2021,LA,B1243
USA_CA_CDC_2_4242853_2021,LA,B1243
USA_CA_CDC_2_4242770_2021,LA,B1243
USA_CA_LACPHL_AF01130_2021,LA,B1243
USA_CA_CDPH_2000047567_2021,LA,B1243
USA_CA_CDPH_3000030127_2021,LA,B1243
USA_CA_CDPH_2000048391_2021,LA,B1243
USA_CA_CDPH_3000030065_2021,LA,B1243
USA_CA_CDPH_MC2075522_2021,LA,B1243
USA_CA_CSMC180_2021,LA,B1243
USA_CA_CSMC77_2021,LA,B1243
USA_CA_CSMC89_2021,LA,B1243
USA_CA_CSMC220_2021,LA,B1243
USA_CA_CDC_2_4282750_2021,LA,B1243
USA_CA_LACPHL_AF01215_2021,LA,B1243
USA_CA_LACPHL_AF01224_2021,LA,B1243
USA_CA_LACPHL_AF00875_2021,LA,B1243
USA_CA_LACPHL_AF00988_2021,LA,B1243
USA_CA_LACPHL_AF00889_2021,LA,B1243
USA_CA_LACPHL_AF00927_2021,LA,B1243
USA_CA_LACPHL_AF01010_2021,LA,B1243
USA_CA_LACPHL_AF00929_2021,LA,B1243
USA_CA_LACPHL_AF00932_2021,LA,B1243
USA_CA_LACPHL_AF00928_2021,LA,B1243
USA_CA_LACPHL_AF00934_2021,LA,B1243
USA_CA_LACPHL_AF00937_2021,LA,B1243
USA_CA_LACPHL_AF00935_2021,LA,B1243
USA_CA_CDPH_3000031393_2021,LA,B1243
USA_CA_CDPH_2000047257_2021,LA,B1243
USA_CA_CDC_2_4214214_2021,LA,B1243
USA_CA_CDC_2_4242797_2021,LA,B1243
USA_CA_CDC_2_4282911_2021,LA,B1243
USA_CA_CDPH_2000044960_2021,LA,B1243
USA_CA_CDCBI_FlowHealth_10252_2021,LA,B1243
USA_CA_LACPHL_AF01327_2021,LA,B1243
USA_CA_LACPHL_AF01029_2021,LA,B1243
USA_CA_CDPH_2000046786_2021,LA,B1243
USA_CA_CDPH_3000044243_2021,LA,B1243
USA_CA_CDPH_2000046780_2021,LA,B1243
USA_CA_CDPH_3000044244_2021,LA,B1243
USA_CA_CDPH_2000046829_2021,LA,B1243
USA_CA_CSMC122_2021,LA,B1243
USA_CA_LACPHL_AF01044_2021,LA,B1243
USA_CA_LACPHL_AF01330_2021,LA,B1243
USA_CA_CDCBI_FlowHealth_00522_2021,LA,B1243
USA_CA_LACPHL_AF00985_2021,LA,B1243
USA_CA_CDPH_3000048659_2021,LA,B1243
USA_CA_LACPHL_AF01221_2021,LA,B1243
USA_CA_CDPH_2000047019_2021,LA,B1243
USA_CA_LACPHL_AF00996_2021,LA,B1243
USA_CA_LACPHL_AF01162_2021,LA,B1243
USA_CA_CDPH_3000045854_2021,LA,B1243
USA_CA_LACPHL_AF01016_2021,LA,B1243
USA_CA_LACPHL_AF01066_2021,LA,B1243
USA_CA_CDPH_3000006462_2021,LA,B1243
USA_CA_CDPH_3000006293_2021,LA,B1243
USA_CA_LACPHL_AF01070_2021,LA,B1243
USA_CA_LACPHL_AF01186_2021,LA,B1243
USA_CA_LACPHL_AF01309_2021,LA,B1243
USA_CA_CDPH_3000036247_2021,LA,B1243
USA_CA_CDPH_3000008265_2021,LA,B1243
USA_CA_CDPH_3000005732_2021,LA,B1243
USA_CA_LACPHL_AF00891_2021,LA,B1243
USA_CA_CDPH_2000045625_2021,LA,B1243
USA_CA_CDPH_2000045631_2021,LA,B1243
USA_CA_CDC_2_4214243_2021,LA,B1243
USA_CA_CDPH_3000044318_2021,LA,B1243
USA_CA_CDPH_3000047160_2021,LA,B1243
USA_CA_CDPH_3000052979_2021,LA,B1243
USA_CA_CDPH_3000052981_2021,LA,B1243
USA_CA_CDPH_3000049753_2021,LA,B1243
USA_CA_CDPH_2000046988_2021,LA,B1243
USA_CA_CSMC162_2021,LA,B1243
USA_CA_LACPHL_AF02113_2021,LA,B1243
USA_CA_LACPHL_AF00551_2021,LA,B1243
USA_CA_CSMC307_2021,LA,B1243
USA_CA_CDPH_3000034795_2021,LA,B1243
USA_CA_CDPH_3000023190_2021,LA,B1243
USA_CA_CDPH_3000023468_2021,LA,B1243
USA_CA_CDPH_3000028636_2021,LA,B1243
USA_CA_CDPH_3000017554_2021,LA,B1243
USA_CA_CDPH_3000018608_2021,LA,B1243
USA_CA_CDPH_3000014499_2021,LA,B1243
USA_CA_CDPH_3000044851_2021,LA,B1243
USA_CA_CDPH_3000050888_2021,LA,B1243
USA_CA_LACPHL_AF00569_2021,LA,B1243
USA_CA_CDPH_3000023414_2021,LA,B1243
USA_CA_LACPHL_AF01217_2021,LA,B1243
USA_CA_CDPH_3000053241_2021,LA,B1243
USA_CA_CDPH_3000026466_2021,LA,B1243
USA_CA_CDPH_3000026465_2021,LA,B1243
USA_CA_LACPHL_AF00468_2021,LA,B1243
USA_CA_CDPH_3000028926_2021,LA,B1243
USA_CA_LACPHL_AF00512_2021,LA,B1243
USA_CA_CDPH_3000045059_2021,LA,B1243
USA_CA_CDPH_3000019382_2021,LA,B1243
USA_CA_CDC_2_3975964_2021,LA,B1243
USA_CA_CDC_2_3975895_2021,LA,B1243
USA_CA_CDPH742_2021,LA,B1243
USA_CA_CDPH_2000042713_2021,LA,B1243
USA_CA_LACPHL_AF01100_2021,LA,B1243
USA_CA_CDPH_2000047652_2021,LA,B1243
USA_CA_CDPH_3000034538_2021,LA,B1243
USA_CA_CDPH_3000045443_2021,LA,B1243
USA_CA_CDPH_2000048696_2021,LA,B1243
USA_CA_CDPH_2000048133_2021,LA,B1243
USA_CA_CDPH_2000049199_2021,LA,B1243
USA_CA_CDPH_3000050669_2021,LA,B1243
USA_CA_CDPH_3000040584_2021,LA,B1243
USA_CA_CDPH_3000040569_2021,LA,B1243
USA_CA_CDPH_2000048117_2021,LA,B1243
USA_CA_CDPH_2000048126_2021,LA,B1243
USA_CA_CDPH_3000040654_2021,LA,B1243
USA_CA_LACPHL_AF00887_2021,LA,B1243
USA_CA_CDPH_3000015578_2021,LA,B1243
USA_CA_CDPH_3000010339_2021,LA,B1243
USA_CA_CDPH_3000133023_2021,LA,B1243
USA_CA_CDPH_3000137749_2021,LA,B1243
USA_CA_CDPH_3000134778_2021,LA,B1243
USA_CA_LACPHL_AF01324_2021,LA,B1243
USA_CA_LACPHL_AF01522_2021,LA,B1243
USA_CA_LACPHL_AF02830_2021,LA,B1243
USA_CA_CDC_2_4282811_2021,LA,B1243
USA_CA_CDPH_3000015174_2021,LA,B1243
USA_CA_CDPH_2000049520_2021,LA,B1243
USA_CA_CDPH_2000049528_2021,LA,B1243
USA_CA_CDPH_2000049575_2021,LA,B1243
USA_CA_CDPH_2000049536_2021,LA,B1243
USA_CA_CDPH_3000053462_2021,LA,B1243
USA_CA_CDPH_3000054462_2021,LA,B1243
USA_CA_CDPH_3000053465_2021,LA,B1243
USA_CA_CDPH_3000053466_2021,LA,B1243
USA_CA_CDPH_3000006104_2021,LA,B1243
USA_CA_CDPH_2000048404_2021,LA,B1243
USA_CA_CDPH_3000040318_2021,LA,B1243
USA_CA_CDPH_3000005930_2021,LA,B1243
USA_CA_LACPHL_AF01204_2021,LA,B1243
USA_CA_LACPHL_AF01310_2021,LA,B1243
USA_CA_CSMC76_2021,LA,B1243
USA_CA_CSMC100_2021,LA,B1243
USA_CA_CDPH_3000030028_2021,LA,B1243
USA_CA_LACPHL_AF00677_2021,LA,B1243
USA_CA_LACPHL_AF00676_2021,LA,B1243
USA_CA_LACPHL_AF00981_2021,LA,B1243
USA_CA_LACPHL_AF00983_2021,LA,B1243
USA_CA_CDPH_2000042182_2021,LA,B1243
USA_CA_CDPH_3000031047_2021,LA,B1243
USA_CA_LACPHL_AF01038_2021,LA,B1243
USA_CA_CSMC132_2021,LA,B1243
USA_CA_CDPH_3000050816_2021,LA,B1243
USA_CA_LACPHL_AF01598_2021,LA,B1243
USA_CA_CDPH_3000008356_2021,LA,B1243
USA_CA_CDPH_3000009419_2021,LA,B1243
USA_CA_CDPH_3000048234_2021,LA,B1243
USA_CA_CDPH_2000044327_2021,LA,B1243
USA_CA_CSMC287_2021,LA,B1243
USA_CA_LACPHL_AF01322_2021,LA,B1243
USA_CA_LACPHL_AF01062_2021,LA,B1243
USA_CA_CDPH_2000048666_2021,LA,B1243
USA_CA_CDPH_3000008445_2021,LA,B1243
USA_CA_CDPH_3000039667_2021,LA,B1243
USA_CA_CDPH_3000006128_2021,LA,B1243
USA_CA_CDPH_3000051665_2021,LA,B1243
USA_CA_CDPH_3000045907_2021,LA,B1243
USA_CA_CDPH_3000053190_2021,LA,B1243
USA_CA_CDPH_2000049105_2021,LA,B1243
USA_CA_LACPHL_AF00696_2021,LA,B1243
USA_CA_CDC_2_4174058_2021,LA,B1243
USA_CA_CDC_2_4242777_2021,LA,B1243
USA_CA_LACPHL_AF04348_2021,LA,B1243
USA_CA_CDPH_3000053619_2021,LA,B1243
USA_CA_CDPH_3000025400_2021,LA,B1243
USA_CA_CDC_2_4173827_2021,LA,B1243
USA_CA_CDC_2_4173956_2021,LA,B1243
USA_CA_CSMC17_2021,LA,B1243
USA_CA_CDPH_3000117639_2021,LA,B1243
USA_CA_CDPH_3000045698_2021,LA,B1243
USA_CA_CDPH_3000032424_2021,LA,B1243
USA_CA_CDPH_3000032423_2021,LA,B1243
USA_CA_CDPH_2000048885_2021,LA,B1243
USA_CA_CDPH_3000039671_2021,LA,B1243
USA_CA_CDPH_3000015630_2021,LA,B1243
USA_CA_CDPH_3000005999_2021,LA,B1243
USA_CA_LACPHL_AF00554_2021,LA,B1243
USA_CA_CSMC154_2021,LA,B1243
USA_CA_LACPHL_AF00971_2021,LA,B1243
USA_CA_CDPH_2000049004_2021,LA,B1243
USA_CA_CDPH_3000036054_2021,LA,B1243
USA_CA_CDPH_3000053573_2021,LA,B1243
USA_CA_LACPHL_AF00575_2021,LA,B1243
USA_CA_LACPHL_AF00669_2021,LA,B1243
USA_CA_LACPHL_AF00680_2021,LA,B1243
USA_CA_LACPHL_AF01003_2021,LA,B1243
USA_CA_LACPHL_AF00732_2021,LA,B1243
USA_CA_CDCBI_FlowHealth_00437_2021,LA,B1243
USA_CA_LACPHL_AF01768_2021,LA,B1243
USA_CA_LACPHL_AF01079_2021,LA,B1243
USA_CA_LACPHL_AF01115_2021,LA,B1243
USA_CA_LACPHL_AF00940_2021,LA,B1243
USA_CA_LACPHL_AF02235_2021,LA,B1243
USA_CA_CSMC54_2021,LA,B1243
USA_CA_CSMC27_2021,LA,B1243
USA_CA_CSMC51_2021,LA,B1243
USA_CA_CDC_2_4214115_2021,LA,B1243
USA_CA_CDC_2_4214128_2021,LA,B1243
USA_CA_CDC_2_4242877_2021,LA,B1243
USA_CA_CSMC86_2021,LA,B1243
USA_CA_CDPH_2000046570_2021,LA,B1243
USA_CA_CDC_2_4242892_2021,LA,B1243
USA_CA_LACPHL_AF01433_2021,LA,B1243
USA_CA_CDPH_2000046882_2021,LA,B1243
USA_CA_CDPH_2000046889_2021,LA,B1243
USA_CA_LACPHL_AF01422_2021,LA,B1243
USA_CA_CSMC22_2021,LA,B1243
USA_CA_CSMC74_2021,LA,B1243
USA_CA_CSMC174_2021,LA,B1243
USA_CA_CSMC12_2021,LA,B1243
USA_CA_CDPH_3000026882_2021,LA,B1243
USA_CA_CDPH_3000006140_2021,LA,B1243
USA_CA_CDPH_3000006142_2021,LA,B1243
USA_CA_CDC_2_4282848_2021,LA,B1243
USA_CA_CDPH_3000007642_2021,LA,B1243
USA_CA_CDPH_3000007641_2021,LA,B1243
USA_CA_CDPH_3000007598_2021,LA,B1243
USA_CA_LACPHL_AF02344_2021,LA,B1243
USA_CA_CDC_2_4242792_2021,LA,B1243
USA_CA_LACPHL_AF01064_2021,LA,B1243
USA_CA_CDPH_3000032949_2021,LA,B1243
USA_CA_LACPHL_AF01323_2021,LA,B1243
USA_CA_LACPHL_AF01395_2021,LA,B1243
USA_CA_CDPH_3000031378_2021,LA,B1243
USA_CA_LACPHL_AF01818_2021,LA,B1243
USA_CA_LACPHL_AF02196_2021,LA,B1243
USA_CA_LACPHL_AF02166_2021,LA,B1243
USA_CA_LACPHL_AF02175_2021,LA,B1243
USA_CA_CDPH_3000100708_2021,LA,B1243
USA_CA_CDPH_3000118916_2021,LA,B1243
USA_CA_CDPH_3000050302_2021,LA,B1243
USA_CA_CDPH_3000005857_2021,LA,B1243
USA_CA_CDPH_3000051461_2021,LA,B1243
USA_CA_CDPH_2000045353_2021,LA,B1243
USA_CA_CDPH_3000013275_2021,LA,B1243
USA_CA_CDPH_3000013284_2021,LA,B1243
USA_CA_CDPH_3000118937_2021,LA,B1243
USA_CA_CDPH_2000046579_2021,LA,B1243
USA_CA_CDPH_3000032878_2021,LA,B1243
USA_CA_CDPH_3000032827_2021,LA,B1243
USA_CA_CDPH_3000032879_2021,LA,B1243
USA_CA_LACPHL_AF01393_2021,LA,B1243
USA_CA_LACPHL_AF01149_2021,LA,B1243
USA_CA_CDPH_3000031379_2021,LA,B1243
USA_CA_CDPH_3000051635_2021,LA,B1243
USA_CA_LACPHL_AF01446_2021,LA,B1243
USA_CA_CDPH_3000047459_2021,LA,B1243
USA_CA_CDPH_2000044511_2021,LA,B1243
USA_CA_CDPH_3000006139_2021,LA,B1243
USA_CA_CDC_2_4173953_2021,LA,B1243
USA_CA_CDC_2_4242867_2021,LA,B1243
USA_CA_CDC_2_4242780_2021,LA,B1243
USA_CA_CDC_2_4242769_2021,LA,B1243
USA_CA_LACPHL_AF01146_2021,LA,B1243
USA_CA_LACPHL_AF00903_2021,LA,B1243
USA_CA_LACPHL_AF00912_2021,LA,B1243
USA_CA_LACPHL_AF01234_2021,LA,B1243
USA_CA_LACPHL_AF00899_2021,LA,B1243
USA_CA_LACPHL_AF00930_2021,LA,B1243
USA_CA_LACPHL_AF01235_2021,LA,B1243
USA_CA_LACPHL_AF00904_2021,LA,B1243
USA_CA_CDC_2_4242772_2021,LA,B1243
USA_CA_CSMC52_2021,LA,B1243
USA_CA_CDC_2_4282905_2021,LA,B1243
USA_CA_CDC_2_4451277_2021,LA,B1243
USA_CA_CDPH_2000046912_2021,LA,B1243
USA_CA_CDPH_2000046836_2021,LA,B1243
USA_CA_CDPH_2000042725_2021,LA,B1243
USA_CA_CDPH_3000019311_2021,LA,B1243
USA_CA_CDPH_3000044794_2021,LA,B1243
USA_CA_CDPH_3000025370_2021,LA,B1243
USA_CA_LACPHL_AF00919_2021,LA,B1243
USA_CA_LACPHL_AF00920_2021,LA,B1243
USA_CA_LACPHL_AF00921_2021,LA,B1243
USA_CA_LACPHL_AF00923_2021,LA,B1243
USA_CA_CDC_2_4502848_2021,LA,B1243
USA_CA_LACPHL_AF00918_2021,LA,B1243
USA_CA_CDPH_3000008506_2021,LA,B1243
USA_CA_CDCBI_FlowHealth_10245_2021,LA,B1243
USA_CA_CDPH_3000010287_2021,LA,B1243
USA_CA_LACPHL_AF01189_2021,LA,B1243
USA_CA_CDPH_2000048094_2021,LA,B1243
USA_CA_CDPH_3000040620_2021,LA,B1243
USA_CA_CDPH_3000050840_2021,LA,B1243
USA_CA_LACPHL_AF00922_2021,LA,B1243
USA_CA_LACPHL_AF01088_2021,LA,B1243
USA_CA_LACPHL_AF01398_2021,LA,B1243
USA_CA_LACPHL_AF01397_2021,LA,B1243
USA_CA_CDPH_3000119905_2021,LA,B1243
USA_CA_CDPH_3000118637_2021,LA,B1243
USA_CA_LACPHL_AF00933_2021,LA,B1243
USA_CA_CDPH_3000008403_2021,LA,B1243
USA_CA_LACPHL_AF01042_2021,LA,B1243
USA_CA_LACPHL_AF01045_2021,LA,B1243
USA_CA_CDPH_3000005706_2021,LA,B1243
USA_CA_CDPH_3000009051_2021,LA,B1243
USA_CA_CDPH_3000008856_2021,LA,B1243
USA_CA_CSMC222_2021,LA,B1243
USA_CA_CDPH_3000100021_2021,LA,B1243
USA_CA_LACPHL_AF01138_2021,LA,B1243
USA_CA_CDPH_3000030068_2021,LA,B1243
USA_CA_CDPH_3000054461_2021,LA,B1243
USA_CA_CDPH_3000054677_2021,LA,B1243
USA_CA_CDPH_3000053964_2021,LA,B1243
USA_CA_LACPHL_AF01011_2021,LA,B1243
USA_CA_LACPHL_AF01129_2021,LA,B1243
USA_CA_CDPH_2000047006_2021,LA,B1243
USA_CA_CSMC62_2021,LA,B1243
USA_CA_LACPHL_AF02230_2021,LA,B1243
USA_CA_CDPH_3000030526_2021,LA,B1243
USA_CA_CDPH_3000020950_2021,LA,B1243
USA_CA_CDPH_3000051663_2021,LA,B1243
USA_CA_LACPHL_AF00552_2021,LA,B1243
USA_CA_LACPHL_AF00620_2021,LA,B1243
USA_CA_LACPHL_AF00860_2021,LA,B1243
USA_CA_LACPHL_AF00665_2021,LA,B1243
USA_CA_LACPHL_AF00855_2021,LA,B1243
USA_CA_CDC_2_4214120_2021,LA,B1243
USA_CA_CDC_2_4242890_2021,LA,B1243
USA_CA_CDC_2_4242870_2021,LA,B1243
USA_CA_CDC_2_4282812_2021,LA,B1243
USA_CA_CDC_2_4242781_2021,LA,B1243
USA_CA_CDC_2_4173996_2021,LA,B1243
USA_CA_LACPHL_AF01521_2021,LA,B1243
USA_CA_LACPHL_AF02246_2021,LA,B1243
USA_CA_CDPH_3000150785_2021,LA,B1243
USA_CA_CSMC120_2021,LA,B1243
USA_CA_CSMC184_2021,LA,B1243
USA_CA_LACPHL_AF01135_2021,LA,B1243
USA_CA_CDPH_3000032594_2021,LA,B1243
USA_CA_CDPH_2000047226_2021,LA,B1243
USA_CA_CDPH_2000049166_2021,LA,B1243
USA_CA_CSMC221_2021,LA,B1243
USA_CA_LACPHL_AF01229_2021,LA,B1243
USA_CA_LACPHL_AF01005_2021,LA,B1243
USA_CA_LACPHL_AF01052_2021,LA,B1243
USA_CA_LACPHL_AF01134_2021,LA,B1243
USA_CA_LACPHL_AF05391_2021,LA,B1243
USA_CA_LACPHL_AF00648_2021,LA,B1243
USA_CA_LACPHL_AF01056_2021,LA,B1243
USA_CA_LACPHL_AF01117_2021,LA,B1243
USA_CA_LACPHL_AF00858_2021,LA,B1243
USA_CA_LACPHL_AF00852_2021,LA,B1243
USA_CA_LACPHL_AF00926_2021,LA,B1243
USA_CA_LACPHL_AF01051_2021,LA,B1243
USA_CA_LACPHL_AF00998_2021,LA,B1243
USA_CA_LACPHL_AF01001_2021,LA,B1243
USA_CA_LACPHL_AF01026_2021,LA,B1243
USA_CA_LACPHL_AF01027_2021,LA,B1243
USA_CA_LACPHL_AF00712_2021,LA,B1243
USA_CA_LACPHL_AF00913_2021,LA,B1243
USA_CA_LACPHL_AF01191_2021,LA,B1243
USA_CA_CDPH_3000118083_2021,LA,B1243
USA_CA_LACPHL_AF00845_2021,LA,B1243
USA_CA_CDCBI_FlowHealth_00341_2021,LA,B1243
USA_CA_CDPH_3000153550_2021,LA,B1243
USA_CA_CDPH_3000151262_2021,LA,B1243
USA_CA_CDPH_3000053429_2021,LA,B1243
USA_CA_CDPH_3000043956_2021,LA,B1243
USA_CA_LACPHL_AF01581_2021,LA,B1243
USA_CA_LACPHL_AF00714_2021,LA,B1243
USA_CA_CDPH_3000019308_2021,LA,B1243
USA_CA_CDPH_2000048623_2021,LA,B1243
USA_CA_CDPH_3000040563_2021,LA,B1243
USA_CA_CDPH_3000039880_2021,LA,B1243
USA_CA_LACPHL_AF00679_2021,LA,B1243
USA_CA_LACPHL_AF00729_2021,LA,B1243
USA_CA_LACPHL_AF00709_2021,LA,B1243
USA_CA_CDPH_3000050877_2021,LA,B1243
USA_CA_LACPHL_AF04342_2021,LA,B1243
USA_CA_CDPH_3000124231_2021,LA,B1243
USA_CA_CDPH_3000124230_2021,LA,B1243
USA_CA_CDPH_3000027506_2021,LA,B1243
USA_CA_LACPHL_AF02229_2021,LA,B1243
USA_CA_CDPH_2000049614_2021,LA,B1243
USA_CA_CDPH_3000031713_2021,LA,B1243
USA_CA_CDPH_3000031714_2021,LA,B1243
USA_CA_CDPH_2000047517_2021,LA,B1243
USA_CA_CDPH_2000047524_2021,LA,B1243
USA_CA_CDPH_3000013642_2021,LA,B1243
USA_CA_CDPH_3000015569_2021,LA,B1243
USA_CA_CDPH_3000032563_2021,LA,B1243
USA_CA_CDPH_3000039721_2021,LA,B1243
USA_CA_CDPH_3000039537_2021,LA,B1243
USA_CA_CDPH_3000015689_2021,LA,B1243
USA_CA_CDPH_3000007313_2021,LA,B1243
USA_CA_LACPHL_AF01203_2021,LA,B1243
USA_CA_CDC_2_4242789_2021,LA,B1243
USA_CA_CDPH_3000127860_2021,LA,B1243
USA_CA_CDPH_3000100745_2021,LA,B1243
USA_CA_CDPH_3000100744_2021,LA,B1243
USA_CA_CDPH_3000100748_2021,LA,B1243
USA_CA_CDPH_3000100741_2021,LA,B1243
USA_CA_LACPHL_AF01373_2021,LA,B1243
USA_CA_CDPH_MC2094314_2021,LA,B1243
USA_CA_CDPH_2000041152_2021,LA,B1243
USA_CA_CDPH_2000047820_2021,LA,B1243
USA_CA_CDPH_3000032007_2021,LA,B1243
USA_CA_CDPH_3000033905_2021,LA,B1243
USA_CA_CDPH_2000048631_2021,LA,B1243
USA_CA_CDPH_3000040491_2021,LA,B1243
USA_CA_CDPH_3000039701_2021,LA,B1243
USA_CA_CDPH_3000043863_2021,LA,B1243
USA_CA_CDPH_3000010229_2021,LA,B1243
USA_CA_LACPHL_AF00844_2021,LA,B1243
USA_CA_CDPH_2000041676_2021,LA,B1243
USA_CA_LACPHL_AF01046_2021,LA,B1243
USA_CA_LACPHL_AF01071_2021,LA,B1243
USA_CA_CDPH_2000042722_2021,LA,B1243
USA_CA_CDPH_2000044517_2021,LA,B1243
USA_CA_CDPH_3000046624_2021,LA,B1243
USA_CA_CDPH_3000052434_2021,LA,B1243
USA_CA_CDPH_3000052437_2021,LA,B1243
USA_CA_CDPH_3000052435_2021,LA,B1243
USA_CA_CDPH_3000005989_2021,LA,B1243
USA_CA_CDPH_2000043813_2021,LA,B1243
USA_CA_CDPH_3000051303_2021,LA,B1243
USA_CA_CDPH_3000051304_2021,LA,B1243
USA_CA_CDPH_2000045350_2021,LA,B1243
USA_CA_CDPH_3000006130_2021,LA,B1243
USA_CA_CDPH_3000017235_2021,LA,B1243
USA_CA_CDC_2_4173975_2021,LA,B1243
USA_CA_CDC_2_4214250_2021,LA,B1243
USA_CA_LACPHL_AF00890_2021,LA,B1243
USA_CA_CDC_2_4173828_2021,LA,B1243
USA_CA_LACPHL_AF01150_2021,LA,B1243
USA_CA_CDPH_3000024659_2021,LA,B1243
USA_CA_LACPHL_AF01068_2021,LA,B1243
USA_CA_LACPHL_AF01438_2021,LA,B1243
USA_CA_LACPHL_AF02169_2021,LA,B1243
USA_CA_CDPH_3000133006_2021,LA,B1243
USA_CA_LACPHL_AF01199_2021,LA,B1243
USA_CA_CDPH_2000049622_2021,LA,B1243
USA_CA_LACPHL_AF00702_2021,LA,B1243
USA_CA_LACPHL_AF00707_2021,LA,B1243
USA_CA_CDC_2_4242794_2021,LA,B1243
USA_CA_CDC_2_4451380_2021,LA,B1243
USA_CA_CDPH_3000032968_2021,LA,B1243
USA_CA_CDPH_2000048202_2021,LA,B1243
USA_CA_CDPH_3000040606_2021,LA,B1243
USA_CA_CDPH_2000048140_2021,LA,B1243
USA_CA_CDPH_2000043913_2021,LA,B1243
USA_CA_CDPH_3000031375_2021,LA,B1243
USA_CA_LACPHL_AF00888_2021,LA,B1243
USA_CA_LACPHL_AF00666_2021,LA,B1243
USA_CA_CDC_2_4214236_2021,LA,B1243
USA_CA_CSMC66_2021,LA,B1243
USA_CA_CDC_2_4214242_2021,LA,B1243
USA_CA_LACPHL_AF00992_2021,LA,B1243
USA_CA_CSMC137_2021,LA,B1243
USA_CA_LACPHL_AF00883_2021,LA,B1243
USA_CA_LACPHL_AF01082_2021,LA,B1243
USA_CA_LACPHL_AF01125_2021,LA,B1243
USA_CA_LACPHL_AF01239_2021,LA,B1243
USA_CA_CDPH_6000001929_2021,LA,B1243
USA_CA_CDC_2_4242700_2021,LA,B1243
USA_CA_LACPHL_AF01196_2021,LA,B1243
USA_CA_LACPHL_AF00776_2021,LA,B1243
USA_CA_LACPHL_AF00892_2021,LA,B1243
USA_CA_LACPHL_AF01065_2021,LA,B1243
USA_CA_LACPHL_AF00905_2021,LA,B1243
USA_CA_LACPHL_AF00853_2021,LA,B1243
USA_CA_CSMC161_2021,LA,B1243
USA_CA_CDC_2_4214219_2021,LA,B1243
USA_CA_LACPHL_AF01041_2021,LA,B1243
USA_CA_LACPHL_AF01137_2021,LA,B1243
USA_CA_LACPHL_AF01328_2021,LA,B1243
USA_CA_CDPH_3000040977_2021,LA,B1243
USA_CA_LACPHL_AF01391_2021,LA,B1243
USA_CA_CDC_2_4242886_2021,LA,B1243
USA_CA_CDC_2_4242878_2021,LA,B1243
USA_CA_CDC_2_4369030_2021,LA,B1243
USA_CA_LACPHL_AF01346_2021,LA,B1243
USA_CA_CSMC125_2021,LA,B1243
USA_CA_CDC_2_4214229_2021,LA,B1243
USA_CA_CDC_2_4214148_2021,LA,B1243
USA_CA_LACPHL_AF00873_2021,LA,B1243
USA_CA_LACPHL_AF00942_2021,LA,B1243
USA_CA_CDC_2_4242761_2021,LA,B1243
USA_CA_CDC_2_4214141_2021,LA,B1243
USA_CA_CDPH_3000008263_2021,LA,B1243
USA_CA_LACPHL_AF01151_2021,LA,B1243
USA_CA_LACPHL_AF01166_2021,LA,B1243
USA_CA_CDPH_2000049358_2021,LA,B1243
USA_CA_CDPH_2000049350_2021,LA,B1243
USA_CA_CDPH_3000008301_2021,LA,B1243
USA_CA_CDC_2_3973064_2021,LA,B1243
USA_CA_CDC_2_4242759_2021,LA,B1243
USA_CA_LACPHL_AF01113_2021,LA,B1243
USA_CA_LACPHL_AF01238_2021,LA,B1243
USA_CA_LACPHL_AF01308_2021,LA,B1243
USA_CA_CSMC33_2021,LA,B1243
USA_CA_LACPHL_AF01019_2021,LA,B1243
USA_CA_LACPHL_AF01216_2021,LA,B1243
USA_CA_LACPHL_AF04341_2021,LA,B1243
USA_CA_LACPHL_AF04346_2021,LA,B1243
USA_CA_CDPH_3000034000_2021,LA,B1243
USA_CA_CDPH_2000046787_2021,LA,B1243
USA_CA_CDPH_2000047576_2021,LA,B1243
USA_CA_CDPH_3000032482_2021,LA,B1243
USA_CA_CDPH_3000049838_2021,LA,B1243
USA_CA_CDPH_3000051095_2021,LA,B1243
USA_CA_CDPH_3000051101_2021,LA,B1243
USA_CA_LACPHL_AF01237_2021,LA,B1243
USA_CA_LACPHL_AF01244_2021,LA,B1243
USA_CA_LACPHL_AF01031_2021,LA,B1243
USA_CA_CSMC98_2021,LA,B1243
USA_CA_CDPH_2000047851_2021,LA,B1243
USA_CA_CDPH_2000048561_2021,LA,B1243
USA_CA_CDPH_3000031377_2021,LA,B1243
USA_CA_CDPH_3000040682_2021,LA,B1243
USA_CA_CDPH_2000048497_2021,LA,B1243
USA_CA_CDPH_2000046083_2021,LA,B1243
USA_CA_CDPH_3000047504_2021,LA,B1243
USA_CA_CDPH_3000043823_2021,LA,B1243
USA_CA_CDPH_3000050523_2021,LA,B1243
USA_CA_LACPHL_AF00787_2021,LA,B1243
USA_CA_CDPH_3000028913_2021,LA,B1243
USA_CA_CDPH_3000039529_2021,LA,B1243
USA_CA_CDPH_3000028915_2021,LA,B1243
USA_CA_CDPH_3000052542_2021,LA,B1243
USA_CA_CDPH_3000052543_2021,LA,B1243
USA_CA_CDPH_3000032010_2021,LA,B1243
USA_CA_CDPH_3000047182_2021,LA,B1243
USA_CA_CDPH_3000023301_2021,LA,B1243
USA_CA_CDPH_3000011939_2021,LA,B1243
USA_CA_CDPH_3000017543_2021,LA,B1243
USA_CA_CDPH_3000013625_2021,LA,B1243
USA_CA_CDPH_3000013645_2021,LA,B1243
USA_CA_CDPH_3000011929_2021,LA,B1243
USA_CA_CDPH_3000011944_2021,LA,B1243
USA_CA_CDPH_3000050520_2021,LA,B1243
USA_CA_LACPHL_AF02162_2021,LA,B1243
USA_CA_LACPHL_AF00681_2021,LA,B1243
USA_CA_LACPHL_AF00791_2021,LA,B1243
USA_CA_LACPHL_AF01367_2021,LA,B1243
USA_CA_CDPH_3000045491_2021,LA,B1243
USA_CA_CDPH_2000046897_2021,LA,B1243
USA_CA_CDPH_2000023678_2021,LA,B1243
USA_CA_LACPHL_AF00274_2021,LA,B1243
USA_CA_LACPHL_AF00342_2021,LA,B1243
USA_CA_LACPHL_AF00793_2021,LA,B1243
USA_CA_LACPHL_AF04343_2021,LA,B1243
USA_CA_LACPHL_AF00995_2021,LA,B1243
USA_CA_LACPHL_AF00997_2021,LA,B1243
USA_CA_CDPH_2000045498_2021,LA,B1243
USA_CA_CDPH_2000048577_2021,LA,B1243
USA_CA_CDC_2_4242762_2021,LA,B1243
USA_CA_CDPH_2000049510_2021,LA,B1243
USA_CA_CDC_2_4174052_2021,LA,B1243
USA_CA_CDC_2_4282829_2021,LA,B1243
USA_CA_LACPHL_AF02093_2021,LA,B1243
