Virus name	Accession ID	Collection date	Location	Host	Additional location information	Sampling strategy	Gender	Patient age	Patient status	Last vaccinated	Passage	Specimen	Additional host information	Lineage	Clade	AA Substitutions
hCoV-19/USA/CA-LACPHL-AF00381/2021	EPI_ISL_1005485	2021-02-02	North America / USA / California / Los Angeles County	Human		Baseline surveillance	unknown	unknown	unknown		Original			B.1.243	G	(N_S194L,NSP3_G1300D,NSP3_P1237H,NSP12_P323L,Spike_P681H,Spike_D614G,NSP3_P503S,Spike_P384S,Spike_D80Y,NSP2_V258A)
hCoV-19/USA/CA-LACPHL-AE00094/2020	EPI_ISL_1040176	2020-08-12	North America / USA / California / Los Angeles County	Human			unknown	unknown	unknown		Original			B.1.243	G	(NSP6_M92I,N_S194L,NSP3_T479I,NSP12_P323L,Spike_D614G,NS3_A39T)
hCoV-19/USA/CA-LACPHL-AE00097/2020	EPI_ISL_1040179	2020-08-19	North America / USA / California / Los Angeles County	Human			unknown	unknown	unknown		Original			B.1.243	G	(NSP6_V91L,N_S194L,NSP8_A194V,N_P365A,NSP12_P323L,Spike_D614G)
hCoV-19/USA/CA-IGI-2265/2020	EPI_ISL_1049302	2020-12-18	North America / USA / California / Los Angeles County	Human			unknown	unknown	unknown		Original	Nasopharyngeal swab		B.1.243	G	(Spike_N616K,N_S194L,NSP6_V194I,NS3_H227R,Spike_T1120I,NSP12_P323L,Spike_P681H,Spike_D614G)
hCoV-19/USA/CA-LACPHL-AF00562/2021	EPI_ISL_1197048	2021-02-19	North America / USA / California / Los Angeles County	Human		Baseline surveillance	unknown	unknown	unknown		Original			B.1.243	G	(NSP15_P262L,N_D377Y,Spike_T95I,NS3_L85F,N_S194L,NSP8_K37N,NSP2_K500N,NSP2_G265V,NSP12_P323L,Spike_D614G,Spike_S929T)
hCoV-19/USA/CA-LACPHL-AF00578/2021	EPI_ISL_1197133	2021-02-23	North America / USA / California / Los Angeles County	Human		Baseline surveillance	unknown	unknown	unknown		Original			B.1.243	G	(NSP1_Y118H,NS8_K68E,NS8_I121L,N_S194L,NSP13_S259L,NS3_W128L,NS8_G66del,NSP3_D807E,NS3_T151I,NS8_S67del,NSP5_A260V,NSP12_P323L,Spike_D614G,Spike_A871V,Spike_Q675H)
hCoV-19/USA/CA-CDPH-2000010182/2020	EPI_ISL_12002118	2020-12-12	North America / USA / California / Los Angeles County	Human		Baseline surveillance	unknown	unknown	unknown		Original			B.1.243	G	(N_S194L,NSP1_P80H,NSP3_D807E,NS3_T151I,NSP12_P323L,Spike_D614G,Spike_Q675H)
hCoV-19/USA/CA-CDPH-2000010411/2020	EPI_ISL_12002331	2020-12-12	North America / USA / California / Los Angeles County	Human		Baseline surveillance	unknown	unknown	unknown		Original			B.1.243	G	(N_S194L,NSP5_L75F,NSP12_P323L,Spike_P681H,Spike_D614G)
hCoV-19/USA/CA-CDPH-2000024710/2021	EPI_ISL_12002493	2021-01-12	North America / USA / California / Los Angeles County	Human		Baseline surveillance	unknown	unknown	unknown		Original			B.1.243	G	(NSP6_C221F,N_S194L,NSP6_T181I,NSP15_V320L,NSP12_P323L,Spike_P681H,Spike_D614G,NSP3_P395L)
hCoV-19/USA/CA-CDPH-2000024754/2021	EPI_ISL_12002530	2021-01-09	North America / USA / California / Los Angeles County	Human		Baseline surveillance	unknown	unknown	unknown		Original			B.1.243	G	(NSP15_P262L,N_S194L,NSP15_T166I,NSP3_Q173L,NSP5_P132S,NSP12_P323L,Spike_D614G,Spike_Q675H,NSP1_D48G)
hCoV-19/USA/CA-CDPH-2000007827/2020	EPI_ISL_12002836	2020-12-10	North America / USA / California / Los Angeles County	Human		Baseline surveillance	unknown	unknown	unknown		Original			B.1.243	G	(NSP3_N1705T,N_S194L,NSP3_G1300D,NSP12_P323L,Spike_P681H,Spike_D614G,NSP2_V258A)
hCoV-19/USA/CA-CDPH-2000006408/2020	EPI_ISL_12056087	2020-12-10	North America / USA / California / Los Angeles County	Human		Baseline surveillance	unknown	unknown	unknown		Original			B.1.243	G	(NSP15_V127F,N_A119S,N_S194L,Spike_L5F,NS7a_A66T,NSP12_P323L,Spike_D614G,NSP16_A34V,NSP3_A498S)
hCoV-19/USA/CA-CDPH-2000006698/2020	EPI_ISL_12056331	2020-12-10	North America / USA / California / Los Angeles County	Human		Baseline surveillance	unknown	unknown	unknown		Original			B.1.243	G	(NSP2_A249V,NSP3_Q168del,NSP14_A323S,N_S194L,NSP6_Y116C,NSP12_A656S,NSP3_D807E,NSP2_E453D,NSP12_P323L,Spike_D614G,Spike_Q675H)
hCoV-19/USA/CA-CDPH-2000006700/2020	EPI_ISL_12056333	2020-12-10	North America / USA / California / Los Angeles County	Human		Baseline surveillance	unknown	unknown	unknown		Original			B.1.243	G	(NSP2_A249V,NSP3_Q168del,NSP14_A323S,N_S194L,NSP12_A656S,NSP3_D807E,NSP12_P323L,Spike_D614G,Spike_Q675H)
hCoV-19/USA/CA-CDPH-2000006738/2020	EPI_ISL_12056370	2020-12-10	North America / USA / California / Los Angeles County	Human		Baseline surveillance	unknown	unknown	unknown		Original			B.1.243	G	(NSP9_V7I,N_S194L,NSP6_T181I,NSP12_P323L,NSP2_G438D,Spike_P681H,Spike_D614G,NSP3_P395L)
hCoV-19/USA/CA-CDPH-2000006797/2020	EPI_ISL_12056429	2020-12-11	North America / USA / California / Los Angeles County	Human		Baseline surveillance	unknown	unknown	unknown		Original			B.1.243	G	(N_S194L,Spike_L117I,NSP3_N506D,NSP7_M75I,NSP12_P323L,NSP2_V234A,Spike_D614G,Spike_S689I)
hCoV-19/USA/CA-CDPH-2000006833/2020	EPI_ISL_12056465	2020-12-10	North America / USA / California / Los Angeles County	Human		Baseline surveillance	unknown	unknown	unknown		Original			B.1.243	GH	(N_S194L,NS3_Q57H,NSP2_F226L,NSP13_T250I,NSP12_P323L,Spike_D614G,NS3_G174D)
hCoV-19/USA/CA-CDPH-2000008991/2020	EPI_ISL_12056996	2020-12-11	North America / USA / California / Los Angeles County	Human		Baseline surveillance	unknown	unknown	unknown		Original			B.1.243	G	(NSP3_A1305V,N_S194L,NSP14_V381L,NSP2_C509Y,NSP3_V765F,NSP12_P323L,Spike_D614G,NSP3_T970M,NSP6_L37F)
hCoV-19/USA/CA-CDPH-2000009018/2020	EPI_ISL_12057022	2020-12-11	North America / USA / California / Los Angeles County	Human		Baseline surveillance	unknown	unknown	unknown		Original			B.1.243	G	(Spike_S94F,N_S194L,NSP5_N142S,NSP3_V1201A,NSP12_P323L,Spike_D614G,NSP13_T115I)
hCoV-19/USA/CA-CDPH-2000013267/2020	EPI_ISL_12057571	2020-12-15	North America / USA / California / Los Angeles County	Human		Baseline surveillance	unknown	unknown	unknown		Original			B.1.243	G	(NSP8_T89A,NSP3_T182I,N_S194L,NSP8_P10S,NSP14_A353V,NSP14_D258G,NSP12_P323L,Spike_P681H,Spike_D614G,NSP2_S138L)
hCoV-19/USA/CA-CDPH-2000013296/2020	EPI_ISL_12057598	2020-12-14	North America / USA / California / Los Angeles County	Human		Baseline surveillance	unknown	unknown	unknown		Original			B.1.243	G	(N_S2F,N_S194L,NSP3_A1775V,NSP5_S254F,NSP12_P323L,Spike_A262S,Spike_D614G,NSP2_A26T)
hCoV-19/USA/CA-CDPH-2000013329/2020	EPI_ISL_12057627	2020-12-14	North America / USA / California / Los Angeles County	Human		Baseline surveillance	unknown	unknown	unknown		Original			B.1.243	G	(NSP2_S378F,NSP3_A231V,N_S194L,NSP6_V289L,NSP13_T250I,NSP12_P323L,Spike_D614G,NS3_G174D)
hCoV-19/USA/CA-CDPH-2000013365/2020	EPI_ISL_12057662	2020-12-14	North America / USA / California / Los Angeles County	Human		Baseline surveillance	unknown	unknown	unknown		Original			B.1.243	G	(NSP3_N1705T,N_S194L,NSP3_G1300D,NSP12_P323L,Spike_P681H,Spike_D614G,NSP2_V258A)
hCoV-19/USA/CA-CDPH-2000013367/2020	EPI_ISL_12057664	2020-12-11	North America / USA / California / Los Angeles County	Human		Baseline surveillance	unknown	unknown	unknown		Original			B.1.243	G	(Spike_N137K,N_S194L,NSP2_C509Y,NSP3_V765F,NSP12_P323L,Spike_D614G,NSP3_T970M,NS7b_S5A)
hCoV-19/USA/CA-CDPH-2000009047/2020	EPI_ISL_12058428	2020-12-12	North America / USA / California / Los Angeles County	Human		Baseline surveillance	unknown	unknown	unknown		Original			B.1.243	G	(NS7b_E39stop,NSP12_S647I,N_S194L,NSP15_P205L,N_G204R,N_G34W,NSP12_P323L,Spike_D614G,NSP5_R279C)
hCoV-19/USA/CA-CDPH-2000009213/2020	EPI_ISL_12058575	2020-12-11	North America / USA / California / Los Angeles County	Human		Baseline surveillance	unknown	unknown	unknown		Original			B.1.243	G	(N_S194L,NSP6_T181I,NSP12_P323L,Spike_P681H,Spike_D614G,NSP3_P395L)
hCoV-19/USA/CA-CDPH-2000009817/2020	EPI_ISL_12059042	2020-12-11	North America / USA / California / Los Angeles County	Human		Baseline surveillance	unknown	unknown	unknown		Original			B.1.243	G	(NS7b_E39stop,NSP12_S647I,N_S194L,NSP15_P205L,N_G204R,N_G34W,NSP12_P323L,Spike_D614G,NSP5_R279C)
hCoV-19/USA/CA-LACPHL-AF00781/2021	EPI_ISL_1506115	2021-03-16	North America / USA / California / Los Angeles County	Human		Baseline surveillance	unknown	unknown	unknown		Original			B.1.243	G	(NSP3_P1103L,N_S194L,NSP1_V84del,NSP1_M85V,NSP2_V381F,NSP3_D807E,NSP1_H83del,N_A182S,NSP12_P323L,Spike_D614G,NSP4_I2V,Spike_Q675H,NSP1_G82del,Spike_A520S,E_P71S)
hCoV-19/USA/CA-LACPHL-AF00849/2021	EPI_ISL_1508938	2021-03-15	North America / USA / California / Los Angeles County	Human		Baseline surveillance	unknown	unknown	unknown		Original			B.1.243	G	(NSP3_N1705T,NS3_D155H,NS7b_S31L,NSP8_T187I,NSP13_G206V,N_S194L,NSP3_G1300D,NSP3_L1244F,NSP12_P323L,NSP14_R205C,Spike_P681H,Spike_D614G,NSP2_V258A)
hCoV-19/USA/CA-CDC-2-4214228/2021	EPI_ISL_1798841	2021-04-05	North America / USA / California / Los Angeles County	Human		Baseline surveillance	Female	33	unknown		Original	Anterior nasal swab		B.1.243	G	(NSP15_P262L,N_D377Y,Spike_T95I,NS3_L85F,N_S194L,NSP8_K37N,NSP2_K500N,NS3_V202L,NSP2_G265V,NSP12_P323L,Spike_D614G,Spike_S929T)
hCoV-19/USA/CA-LACPHL-AF01285/2020	EPI_ISL_2620810	2020-09-30	North America / USA / California / Los Angeles County	Human		Baseline surveillance	unknown	unknown	unknown		Original			B.1.243	G	(NSP2_V323I,NSP12_P94L,N_S194L,NSP3_D714A,NSP12_P323L,Spike_D614G,N_Q289H,Spike_C1235F)
hCoV-19/USA/CA-LACPHL-AF01271/2020	EPI_ISL_2620844	2020-09-23	North America / USA / California / Los Angeles County	Human		Baseline surveillance	unknown	unknown	unknown		Original			B.1.243	G	(NSP3_P1200S,N_S194L,NSP12_T604A,NSP3_D1219G,NSP12_V605I,NSP1_A42V,NSP3_L689F,NSP12_P323L,NSP2_S263F,Spike_D614G,NSP16_L183F,NSP4_D477A)
hCoV-19/USA/CA-LACPHL-AF01274/2020	EPI_ISL_2620847	2020-09-28	North America / USA / California / Los Angeles County	Human		Baseline surveillance	unknown	unknown	unknown		Original			B.1.243	G	(NSP3_P1200S,N_S194L,NSP12_T604A,NSP3_D1219G,NSP12_V605I,NSP1_A42V,NSP3_L689F,NSP12_P323L,Spike_D614G,NSP16_L183F,NSP4_D477A)
hCoV-19/USA/CA-LACPHL-AF01275/2020	EPI_ISL_2620848	2020-09-28	North America / USA / California / Los Angeles County	Human		Baseline surveillance	unknown	unknown	unknown		Original			B.1.243	G	(NS3_D142H,N_S194L,NSP8_P10S,N_D103Y,NSP14_L27I,Spike_V367F,NSP12_P323L,Spike_D614G,Spike_A397S,M_A69S)
hCoV-19/USA/CA-LACPHL-AF01332/2021	EPI_ISL_2774564	2021-01-30	North America / USA / California / Los Angeles County	Human		Baseline surveillance	unknown	unknown	unknown		Original			B.1.243	G	(NSP15_P262L,N_D377Y,Spike_T95I,NS3_L85F,N_S194L,NSP8_K37N,NSP2_K500N,NSP12_P323L,Spike_D614G,Spike_S929T)
hCoV-19/USA/CA-CDPH-2000019342/2021	EPI_ISL_2776225	2021-01-04	North America / USA / California / Los Angeles County	Human			unknown	unknown	unknown		Original			B.1.243	G	(NSP3_N1705T,N_S194L,NSP3_G1300D,NSP3_T1714I,Spike_P681H,Spike_D614G,NSP8_A21V,NSP2_V258A)
hCoV-19/USA/CA-CDPH-2000019345/2021	EPI_ISL_2776228	2021-01-04	North America / USA / California / Los Angeles County	Human			unknown	unknown	unknown		Original			B.1.243	G	(NSP3_N1705T,N_S194L,NSP3_G1300D,NSP3_T1714I,NSP12_P323L,Spike_P681H,Spike_D614G,NSP8_A21V,NSP2_V258A)
hCoV-19/USA/CA-CDPH-2000019369/2021	EPI_ISL_2776248	2021-01-04	North America / USA / California / Los Angeles County	Human			unknown	unknown	unknown		Original			B.1.243	G	(NSP2_A476V,NSP13_R392C,NS7b_E3stop,NSP14_A119V,N_S194L,NSP1_V84del,NSP1_M85V,NS3_S74F,NSP12_V637I,NSP12_A529V,NSP1_H83del,NS3_V48F,NSP12_P323L,Spike_D614G,NSP1_G82del,NSP16_A34V)
hCoV-19/USA/CA-CDPH-2000035085/2021	EPI_ISL_2778221	2021-02-04	North America / USA / California / Los Angeles County	Human			unknown	unknown	unknown		Original			B.1.243	G	(NSP2_A510V,NSP3_P1103L,N_S194L,NSP12_N198S,NSP15_S147I,NSP3_D807E,NSP13_P364S,NSP12_A878V,NSP12_P323L,Spike_D614G,Spike_L54F,Spike_Q675H,Spike_A520S,E_P71S)
hCoV-19/USA/CA-CDPH-2000035799/2021	EPI_ISL_2782413	2021-02-03	North America / USA / California / Los Angeles County	Human			unknown	unknown	unknown		Original			B.1.243	G	(N_S194L,NS3_Q57H,NSP3_D807E,NS3_T151I,NSP2_K338R,NSP14_A225V,Spike_D614G,NSP6_L37F,Spike_Q675H)
hCoV-19/USA/CA-CDPH-2000034228/2021	EPI_ISL_2782425	2021-01-26	North America / USA / California / Los Angeles County	Human			unknown	unknown	unknown		Original			B.1.243	G	(NSP2_A510V,NSP3_P1103L,N_S194L,NSP3_D807E,NSP5_A260V,Spike_D614G,NSP3_P153S,Spike_Q675H,Spike_A520S,E_P71S)
hCoV-19/USA/CA-CDPH-2000017016/2021	EPI_ISL_2782436	2021-01-06	North America / USA / California / Los Angeles County	Human			unknown	unknown	unknown		Original			B.1.243	G	(NSP5_G278R,N_S194L,NSP13_T250I,NSP15_H337Y,NSP3_D271G,NSP12_P323L,Spike_D614G,NS3_G174D,NSP2_G313D)
hCoV-19/USA/CA-CDPH-2000033123/2021	EPI_ISL_2796953	2021-01-27	North America / USA / California / Los Angeles County	Human			unknown	unknown	unknown		Original			B.1.243	G	(NSP3_N1705T,N_S194L,NSP3_G1300D,NSP12_P323L,Spike_P681H,Spike_D614G,NSP2_V258A)
hCoV-19/USA/CA-CDPH-2000033088/2021	EPI_ISL_2797769	2021-01-28	North America / USA / California / Los Angeles County	Human			unknown	unknown	unknown		Original			B.1.243	G	(NSP2_A510V,NSP3_P1103L,N_S194L,NSP15_S147I,NSP3_D807E,NSP12_P323L,Spike_D614G,Spike_L54F,NSP2_I42V,Spike_Q675H,Spike_A520S,E_P71S,NSP3_A1819T)
hCoV-19/USA/CA-CDPH-2000033154/2021	EPI_ISL_2797787	2021-01-27	North America / USA / California / Los Angeles County	Human			unknown	unknown	unknown		Original			B.1.243	G	(NS3_V255del,NSP2_A510V,NSP3_P1103L,N_S194L,NSP3_A1461V,NSP3_D807E,NSP5_A260V,NSP12_P323L,Spike_D614G,NSP3_P153S,NSP6_L37F,Spike_Q675H,Spike_A520S,E_P71S)
hCoV-19/USA/CA-LACPHL-AF01344/2020	EPI_ISL_2811919	2020-10-28	North America / USA / California / Los Angeles County	Human		Baseline surveillance	unknown	unknown	unknown		Original			B.1.243	G	(NSP14_P443S,N_S194L,NSP12_P323L,Spike_D614G,Spike_Y144del,Spike_N679Y,NSP13_R155C,NSP2_H208Y,Spike_G1167V)
hCoV-19/USA/CA-LACPHL-AF01410/2020	EPI_ISL_2812016	2020-10-17	North America / USA / California / Los Angeles County	Human		Baseline surveillance	unknown	unknown	unknown		Original			B.1.243	G	(M_V60L,N_S194L,NSP12_P323L,Spike_P681H,Spike_D614G)
hCoV-19/USA/CA-CDPH-2000033265/2021	EPI_ISL_2825186	2021-01-28	North America / USA / California / Los Angeles County	Human			unknown	unknown	unknown		Original			B.1.243	G	(NSP3_N1705T,N_S194L,NSP3_G1300D,NSP12_P323L,Spike_P681H,Spike_D614G)
hCoV-19/USA/CA-CDPH-2000037697/2021	EPI_ISL_2825318	2021-02-10	North America / USA / California / Los Angeles County	Human			unknown	unknown	unknown		Original			B.1.243	G	(NSP3_A85V,M_D209Y,NSP3_P1103L,N_S194L,NSP4_F101L,N_P46S,NSP15_T112I,NSP3_D807E,NSP4_F17L,NSP12_P323L,Spike_D614G,NSP6_L37F,Spike_Q675H,Spike_A520S,E_P71S)
hCoV-19/USA/CA-CDPH-2000004438/2020	EPI_ISL_2826046	2020-12-26	North America / USA / California / Los Angeles County	Human			unknown	unknown	unknown		Original			B.1.243	G	(NSP15_Y278H,NSP14_K349N,N_S194L,NS3_W131C,NSP12_P323L,Spike_P681H,Spike_D614G)
hCoV-19/USA/CA-CDPH-2000004445/2020	EPI_ISL_2826050	2020-12-26	North America / USA / California / Los Angeles County	Human			unknown	unknown	unknown		Original			B.1.243	G	(NSP15_Y278H,NSP14_K349N,N_S194L,NS3_W131C,NSP12_P323L,Spike_P681H,Spike_D614G)
hCoV-19/USA/CA-CDPH-2000036415/2021	EPI_ISL_2826320	2021-02-02	North America / USA / California / Los Angeles County	Human			unknown	unknown	unknown		Original			B.1.243	G	(NSP3_T1482I,N_S194L,NSP2_K500N,NSP15_A171V,NSP2_A31V,Spike_A668S,Spike_V1228I,NSP12_P323L,Spike_D614G)
hCoV-19/USA/CA-CDPH-2000040859/2021	EPI_ISL_2826694	2021-02-22	North America / USA / California / Los Angeles County	Human			unknown	unknown	unknown		Original			B.1.243	G	(NSP3_P1103L,N_S194L,NSP3_A1461V,NSP3_D807E,NSP5_A260V,NSP12_P323L,Spike_D614G,NSP3_P153S,Spike_Q675H,Spike_A520S,E_P71S)
hCoV-19/USA/CA-CDPH-3000010355/2021	EPI_ISL_2882497	2021-02-05	North America / USA / California / Los Angeles County	Human			unknown	unknown	unknown		Original			B.1.243	G	(N_S194L,NSP3_D807E,NS3_T151I,NSP12_P323L,Spike_D614G,Spike_Q675H,N_Q389H)
hCoV-19/USA/CA-CDPH-3000005858/2021	EPI_ISL_2882809	2021-04-06	North America / USA / California / Los Angeles County	Human			unknown	unknown	unknown		Original			B.1.243	G	(NSP15_P262L,N_D377Y,Spike_T95I,NS3_L85F,N_S194L,NSP8_K37N,NSP2_K500N,NSP2_G265V,NSP12_P323L,Spike_D614G,Spike_S929T)
hCoV-19/USA/CA-CDPH-3000028236/2021	EPI_ISL_2890931	2021-02-22	North America / USA / California / Los Angeles County	Human			unknown	unknown	unknown		Original			B.1.243	G	(NSP2_A510V,NSP3_P1103L,N_S194L,NSP3_A1461V,NSP3_D807E,NSP5_A260V,NSP12_P323L,Spike_D614G,NSP3_P153S,Spike_Q675H,Spike_A520S,E_P71S)
hCoV-19/USA/CA-CDPH-3000028241/2021	EPI_ISL_2890933	2021-02-22	North America / USA / California / Los Angeles County	Human			unknown	unknown	unknown		Original			B.1.243	G	(NSP2_A510V,NSP3_P1103L,N_S194L,NSP3_D807E,NSP5_A260V,NSP12_P323L,Spike_D614G,NSP3_P153S,Spike_Q675H,Spike_A520S,E_P71S)
hCoV-19/USA/CA-CDPH-3000028483/2021	EPI_ISL_2891017	2021-02-04	North America / USA / California / Los Angeles County	Human			unknown	unknown	unknown		Original			B.1.243	GH	(NSP2_H237Y,N_S194L,NSP4_A231V,NS3_Q57H,NSP13_T250I,NSP12_P323L,Spike_D614G,NS3_G174D)
hCoV-19/USA/CA-CDPH-2000018252/2021	EPI_ISL_2969192	2021-01-11	North America / USA / California / Los Angeles County	Human			unknown	unknown	unknown		Original			B.1.243	G	(NSP1_K120N,N_S194L,NSP13_L176F,NSP5_T21I,NS7a_S83P,NSP14_V287F,NSP14_T31I,NSP12_P323L,Spike_D614G,Spike_F1089L,NSP4_L436J)
hCoV-19/USA/CA-CDPH-2000018255/2021	EPI_ISL_2969195	2021-01-11	North America / USA / California / Los Angeles County	Human			unknown	unknown	unknown		Original			B.1.243	G	(Spike_D80E,N_S194L,NSP13_S259L,NS3_W128L,NSP3_D807E,NS3_T151I,NSP12_P323L,Spike_D614G,Spike_Q675H,NSP3_S1314G)
hCoV-19/USA/CA-CDPH-2000021289/2021	EPI_ISL_2969428	2021-01-03	North America / USA / California / Los Angeles County	Human			unknown	unknown	unknown		Original			B.1.243	G	(NSP2_A249V,NSP12_Y828C,NSP3_V300I,N_S194L,NS8_A65V,NSP3_Q173L,Spike_G181A,NSP3_K1155R,NSP3_D807E,NSP12_P323L,NSP9_P57L,Spike_D614G,Spike_Q675H)
hCoV-19/USA/CA-CDPH-2000020861/2021	EPI_ISL_2976603	2021-01-04	North America / USA / California / Los Angeles County	Human			unknown	unknown	unknown		Original			B.1.243	G	(NS3_S166L,N_G212C,Spike_M1237I,NSP3_P1103L,N_S194L,Spike_L5F,NSP3_D807E,NSP12_P323L,Spike_D614G,Spike_Q675H,NS8_L4F,E_P71S)
hCoV-19/USA/CA-CDPH-2000028282/2021	EPI_ISL_2976673	2021-01-18	North America / USA / California / Los Angeles County	Human			unknown	unknown	unknown		Original			B.1.243	G	(NSP3_T1465I,NSP3_D163Y,NSP16_M270I,N_S194L,NSP12_T739I,NS3_M260K,NSP3_D1144V,NSP12_P323L,Spike_D614G,NSP3_Q1555H,NSP3_V1234L,Spike_C1235F)
hCoV-19/USA/CA-CDPH-2000028109/2021	EPI_ISL_2977598	2021-01-19	North America / USA / California / Los Angeles County	Human			unknown	unknown	unknown		Original			B.1.243	G	(N_S194L,NSP12_P323L,NSP3_N1457D,Spike_P681H,Spike_D614G)
hCoV-19/USA/CA-CDPH-2000028120/2021	EPI_ISL_2977608	2021-01-18	North America / USA / California / Los Angeles County	Human			unknown	unknown	unknown		Original			B.1.243	G	(NS7b_M24I,NSP14_C216F,N_S194L,NSP15_V35F,NSP6_F191S,NSP12_K288Q,NSP5_M264I,NSP12_P323L,Spike_D614G,Spike_Q675H,NS3_F43L)
hCoV-19/USA/CA-CDPH-2000028189/2021	EPI_ISL_2977670	2021-01-18	North America / USA / California / Los Angeles County	Human			unknown	unknown	unknown		Original			B.1.243	G	(NSP4_A69T,NSP2_A249V,N_S194L,N_S190G,NSP14_K318E,NSP12_P323L,Spike_D614G,Spike_Q675H)
hCoV-19/USA/CA-SEARCH-103747/2021	EPI_ISL_2988768	2021-01-14	North America / USA / California / Los Angeles County	Human			unknown	unknown	unknown		Original	Nasal swab		B.1.243	G	(NSP3_N1705T,N_S194L,NSP3_G1300D,NSP12_P323L,Spike_P681H,Spike_D614G,NSP2_V258A)
hCoV-19/USA/CA-LACPHL-AF01495/2021	EPI_ISL_3029889	2021-01-04	North America / USA / California / Los Angeles County	Human		Baseline surveillance	unknown	unknown	unknown		Original			B.1.243	G	(NSP3_Q203R,NSP2_P91S,N_S194L,NSP15_V121I,NSP3_T1429A,NSP12_P323L,NSP2_S263F,Spike_P681H,Spike_D614G,Spike_V36I)
hCoV-19/USA/CA-CDPH-2000021547/2021	EPI_ISL_3063865	2021-01-09	North America / USA / California / Los Angeles County	Human			unknown	unknown	unknown		Original			B.1.243	G	(NSP3_P1103L,N_S194L,NSP16_L272S,NS3_F79I,NSP3_D807E,NSP14_Q22H,NSP12_P323L,Spike_D614G,NSP3_D1031N,Spike_Q675H,E_P71S)
hCoV-19/USA/CA-CDPH-2000021763/2021	EPI_ISL_3064062	2021-01-05	North America / USA / California / Los Angeles County	Human			unknown	unknown	unknown		Original			B.1.243	G	(NSP3_A1305V,N_S194L,NSP3_T611I,NSP12_P323L,NSP12_L212F,Spike_D614G,NSP6_L37F,NSP15_I252V,Spike_S689I)
hCoV-19/USA/CA-CDPH-2000021808/2021	EPI_ISL_3064094	2021-01-06	North America / USA / California / Los Angeles County	Human			unknown	unknown	unknown		Original			B.1.243	G	(N_S194L,N_T205I,NSP3_G1447D,NSP3_D807E,NS3_T151I,NSP14_D301G,NSP12_P323L,Spike_D614G,NSP3_D1674G,Spike_Q675H)
hCoV-19/USA/CA-CDPH-2000029223/2021	EPI_ISL_3090118	2021-01-19	North America / USA / California / Los Angeles County	Human			unknown	unknown	unknown		Original			B.1.243	G	(NSP3_N1705T,N_S194L,NSP3_G1300D,NSP12_P323L,Spike_P681H,Spike_D614G,NSP2_V258A)
hCoV-19/USA/CA-CDPH-2000029630/2021	EPI_ISL_3090413	2021-01-19	North America / USA / California / Los Angeles County	Human			unknown	unknown	unknown		Original			B.1.243	G	(NS7b_L4F,NSP2_A596P,N_S194L,Spike_L5F,NSP15_S147I,NSP4_A446T,NS8_V62L,NSP2_A192V,NSP12_P323L,Spike_D614G,NSP14_S255I,NSP3_M829I)
hCoV-19/USA/CA-CDPH-2000025369/2021	EPI_ISL_3127592	2021-01-14	North America / USA / California / Los Angeles County	Human			unknown	unknown	unknown		Original			B.1.243	G	(NSP4_A69T,NS3_D22Y,NSP2_A249V,N_S194L,NSP3_D807E,Spike_H66N,Spike_D614G,Spike_Q675H,Spike_S98F,Spike_E281Q)
hCoV-19/USA/CA-CDPH-2000025377/2021	EPI_ISL_3127600	2021-01-14	North America / USA / California / Los Angeles County	Human			unknown	unknown	unknown		Original			B.1.243	G	(NSP3_T1482I,N_S194L,NSP2_K500N,NSP15_A171V,NSP12_P323L,Spike_D614G)
hCoV-19/USA/CA-CDPH-2000023541/2021	EPI_ISL_3128219	2021-01-13	North America / USA / California / Los Angeles County	Human			unknown	unknown	unknown		Original			B.1.243	G	(Spike_D80E,N_S194L,NSP13_S259L,NS3_W128L,NSP3_D807E,NS3_T151I,NSP12_P323L,Spike_D614G,Spike_Q675H,NSP3_S1314G)
hCoV-19/USA/CA-CDPH-2000023813/2021	EPI_ISL_3128443	2021-01-12	North America / USA / California / Los Angeles County	Human			unknown	unknown	unknown		Original			B.1.243	G	(NSP16_M260I,NSP4_T319A,NSP2_A127V,NSP2_A306V,N_S194L,N_D144Y,NS7a_A8T,NSP12_P323L,Spike_P681H,Spike_D614G)
hCoV-19/USA/CA-CDPH-2000020924/2021	EPI_ISL_3243537	2021-01-04	North America / USA / California / Los Angeles County	Human			unknown	unknown	unknown		Original			B.1.243	G	(NSP3_P1103L,NS7a_E91stop,N_S194L,NSP3_D807E,NSP12_P323L,Spike_D614G,N_S327L,Spike_Q675H,Spike_A520S,E_P71S)
hCoV-19/USA/CA-LACPHL-AF01593/2021	EPI_ISL_3276801	2021-01-04	North America / USA / California / Los Angeles County	Human		Baseline surveillance	unknown	unknown	unknown		Original			B.1.243	G	(NSP3_S315N,N_S194L,NSP3_A1179V,NSP3_D807E,NS3_K67N,NSP12_P323L,Spike_D614G,N_S416L,Spike_Q675H)
hCoV-19/USA/CA-LACPHL-AF01600/2021	EPI_ISL_3276808	2021-01-05	North America / USA / California / Los Angeles County	Human		Baseline surveillance	unknown	unknown	unknown		Original			B.1.243	G	(N_S194L,Spike_L117I,Spike_E1188G,NSP7_M75I,NSP12_P323L,Spike_D614G,NSP2_V234A,Spike_S689I)
hCoV-19/USA/CA-LACPHL-AF01544/2020	EPI_ISL_3276855	2020-10-07	North America / USA / California / Los Angeles County	Human		Baseline surveillance	unknown	unknown	unknown		Original			B.1.243	G	(NSP4_A69T,NSP2_A249V,NSP2_D268G,N_S194L,NSP2_T223I,NSP3_D807E,NSP12_P323L,Spike_D614G,Spike_Q675H)
hCoV-19/USA/CA-CDPH-2000025957/2021	EPI_ISL_3304120	2021-01-14	North America / USA / California / Los Angeles County	Human			unknown	unknown	unknown		Original			B.1.243	G	(NSP3_N1705T,N_S194L,NSP3_V170A,NSP3_G1300D,Spike_T547I,NSP12_P323L,NSP2_L271I,Spike_P681H,Spike_D614G,NSP2_V258A)
hCoV-19/USA/CA-CDPH-2000017265/2021	EPI_ISL_3316103	2021-01-11	North America / USA / California / Los Angeles County	Human			unknown	unknown	unknown		Original			B.1.243	G	(NSP3_N1705T,N_S194L,NSP3_G1300D,NSP3_T1714I,NSP12_P323L,Spike_P681H,Spike_D614G,NSP2_S430L,NSP8_A21V,NSP2_V258A)
hCoV-19/USA/CA-CDPH-2000017354/2021	EPI_ISL_3316129	2021-01-11	North America / USA / California / Los Angeles County	Human			unknown	unknown	unknown		Original			B.1.243	G	(NSP2_A510V,NS7a_V108L,NSP3_P1103L,N_S194L,NSP6_L167F,Spike_E96D,NS3_D155Y,NSP3_D807E,NS3_A98D,NSP5_A260V,NSP12_P323L,Spike_D614G,Spike_Q675H,Spike_A520S,E_P71S)
hCoV-19/USA/CA-CDPH-2000002651/2020	EPI_ISL_3319913	2020-12-03	North America / USA / California / Los Angeles County	Human			unknown	unknown	unknown		Original			B.1.243	G	(NSP3_T1482I,N_S194L,NSP2_K500N,NSP12_P323L,Spike_D614G)
hCoV-19/USA/CA-CDPH-2000002659/2020	EPI_ISL_3319919	2020-12-02	North America / USA / California / Los Angeles County	Human			unknown	unknown	unknown		Original			B.1.243	G	(N_E367G,NSP3_T1465I,NSP15_R257L,N_S194L,M_G6C,NSP3_S1682F,NSP12_P323L,Spike_D614G,Spike_C1235F)
hCoV-19/USA/CA-CDPH-2000019446/2021	EPI_ISL_3320000	2021-01-04	North America / USA / California / Los Angeles County	Human			unknown	unknown	unknown		Original			B.1.243	G	(NSP3_P1103L,NS7a_E91stop,N_S194L,NSP3_D807E,NSP12_P323L,Spike_D614G,N_S327L,Spike_Q675H,Spike_A520S,E_P71S)
hCoV-19/USA/CA-CDPH-2000019458/2021	EPI_ISL_3320010	2021-01-04	North America / USA / California / Los Angeles County	Human			unknown	unknown	unknown		Original			B.1.243	G	(NSP3_P1103L,NS7a_E91stop,N_S194L,NSP15_A171V,NSP3_D807E,NSP12_P323L,Spike_D614G,N_S327L,Spike_Q675H,Spike_A520S,E_P71S)
hCoV-19/USA/CA-CDPH-2000019488/2021	EPI_ISL_3320040	2021-01-04	North America / USA / California / Los Angeles County	Human			unknown	unknown	unknown		Original			B.1.243	G	(NS7b_E39stop,NSP5_P108S,N_S194L,NSP15_P205L,N_G204R,N_G34W,NSP12_P323L,Spike_D614G,NSP5_R279C)
hCoV-19/USA/CA-CDPH-2000017506/2021	EPI_ISL_3332555	2021-01-14	North America / USA / California / Los Angeles County	Human			unknown	unknown	unknown		Original			B.1.243	G	(NSP3_T819I,N_S194L,NSP3_D807E,NS3_T151I,NSP12_P323L,NSP5_A191V,Spike_D614G,NSP13_T599I,Spike_Q675H)
hCoV-19/USA/CA-CDPH-2000017535/2021	EPI_ISL_3332574	2021-01-15	North America / USA / California / Los Angeles County	Human			unknown	unknown	unknown		Original			B.1.243	G	(NSP4_A69T,NSP2_A249V,N_S194L,NSP3_D807E,NSP12_P323L,Spike_D614G,Spike_Q675H)
hCoV-19/USA/CA-CDPH-2000019068/2021	EPI_ISL_3333316	2021-01-04	North America / USA / California / Los Angeles County	Human			unknown	unknown	unknown		Original			B.1.243	G	(N_S194L,Spike_Q1071L,NSP9_G37R,NSP12_P323L,Spike_P681H,Spike_D614G,NSP14_M501I)
hCoV-19/USA/CA-CDPH-2000019074/2021	EPI_ISL_3333321	2021-01-04	North America / USA / California / Los Angeles County	Human			unknown	unknown	unknown		Original			B.1.243	G	(Spike_L249S,NS7b_M24I,NSP4_S34F,N_S194L,NSP12_S913L,NS3_G224C,NSP3_D807E,NSP4_T143I,NSP5_M264I,NSP12_P323L,Spike_D614G,Spike_Q675H)
hCoV-19/USA/CA-CDPH-2000019078/2021	EPI_ISL_3333324	2021-01-04	North America / USA / California / Los Angeles County	Human			unknown	unknown	unknown		Original			B.1.243	G	(NSP4_A69T,NSP2_A249V,N_S194L,NSP3_E392D,NSP3_D807E,NSP12_P323L,Spike_D614G,Spike_Q675H)
hCoV-19/USA/CA-CDPH-2000019090/2021	EPI_ISL_3333335	2021-01-04	North America / USA / California / Los Angeles County	Human			unknown	unknown	unknown		Original			B.1.243	G	(NSP3_T1275I,NS3_H78Y,N_S194L,NSP3_T169I,NSP3_D807E,NSP15_T48I,NS3_T151I,NSP2_S263P,NSP12_P323L,Spike_D614G,NSP12_S451R,NSP6_L37F,Spike_Q675H)
hCoV-19/USA/CA-CDC-2-3829437/2021	EPI_ISL_3353650	2021-01-08	North America / USA / California / Los Angeles County	Human		Baseline surveillance	Male	61	unknown		Original			B.1.243	G	(NSP2_A510V,N_S194L,NSP15_S147I,NSP3_D807E,NSP12_P323L,Spike_D614G,Spike_L54F,Spike_Q675H,Spike_A520S,E_P71S)
hCoV-19/USA/CA-CDPH-2000019188/2021	EPI_ISL_3460763	2021-01-04	North America / USA / California / Los Angeles County	Human			unknown	unknown	unknown		Original			B.1.243	G	(N_S2F,N_S194L,NSP3_A1775V,NSP5_P252L,NSP5_S254F,NSP8_S31P,NSP12_P323L,Spike_D614G,NSP2_A26T,NS8_V117F)
hCoV-19/USA/CA-CHLA-PLM65244990/2020	EPI_ISL_3526029	2020-11-09	North America / USA / California / Los Angeles County	Human			unknown	unknown	unknown		Original	Nasopharyngeal swab		B.1.243	G	(N_S2F,Spike_K964R,N_S194L,NSP5_S254F,Spike_S939F,NSP12_P323L,Spike_D614G,NS7a_L96F,NSP2_A26T)
hCoV-19/USA/CA-CDPH-2000007667/2020	EPI_ISL_3637187	2020-12-10	North America / USA / California / Los Angeles County	Human			unknown	unknown	unknown		Original			B.1.243	G	(NSP2_L462F,NSP3_P1103L,N_S194L,NS3_V77F,NSP3_D807E,NSP12_P323L,Spike_D614G,NSP3_K1804N,Spike_Q675H,Spike_A520S,E_P71S)
hCoV-19/USA/CA-CDPH-2000007786/2020	EPI_ISL_3637322	2020-12-10	North America / USA / California / Los Angeles County	Human			unknown	unknown	unknown		Original			B.1.243	G	(NSP15_P262L,N_S194L,NSP3_Q173L,NSP5_P132S,NSP12_P323L,Spike_D614G,Spike_Q675H)
hCoV-19/USA/CA-CDPH-2000007789/2020	EPI_ISL_3637323	2020-12-10	North America / USA / California / Los Angeles County	Human			unknown	unknown	unknown		Original			B.1.243	G	(NSP15_P262L,N_S194L,NSP3_Q173L,NSP5_P132S,NSP12_P323L,Spike_D614G,Spike_Q675H)
hCoV-19/USA/CA-CDPH-2000007812/2020	EPI_ISL_3637328	2020-12-10	North America / USA / California / Los Angeles County	Human			unknown	unknown	unknown		Original			B.1.243	G	(N_S194L,NS3_L53F,NSP14_S357I,N_P13L,NSP12_P323L,Spike_D614G,NSP3_P340S,NSP13_M274I,NSP12_D824A)
hCoV-19/USA/CA-CDPH-2000007795/2020	EPI_ISL_3637476	2020-12-11	North America / USA / California / Los Angeles County	Human			unknown	unknown	unknown		Original			B.1.243	G	(NSP15_P262L,N_S194L,NSP3_Q173L,NSP5_P132S,NSP12_P323L,Spike_D614G,Spike_Q675H)
hCoV-19/USA/CA-CDPH-2000025749/2021	EPI_ISL_3669857	2021-01-14	North America / USA / California / Los Angeles County	Human			unknown	unknown	unknown		Original			B.1.243	G	(NSP4_A69T,NSP2_A249V,N_S194L,NSP3_D807E,NS3_L108F,NSP12_P323L,Spike_D614G,Spike_Q675H)
hCoV-19/USA/CA-CDPH-2000025820/2021	EPI_ISL_3669916	2021-01-14	North America / USA / California / Los Angeles County	Human			unknown	unknown	unknown		Original			B.1.243	G	(NSP2_A596P,NSP3_K1330N,N_S194L,NSP12_D170G,Spike_L5F,NSP15_S147I,NSP4_A446T,NS8_V62L,NSP12_P323L,Spike_D614G,NSP14_S255I,NSP6_L37F,NSP3_M829I)
hCoV-19/USA/CA-CDPH-2000020257/2021	EPI_ISL_3671657	2021-01-05	North America / USA / California / Los Angeles County	Human			unknown	unknown	unknown		Original			B.1.243	G	(NSP3_N1705T,NSP3_G1300D,NSP3_T1714I,NSP12_P323L,Spike_P681H,Spike_D614G,NSP8_A21V,NSP2_V258A)
hCoV-19/USA/CA-LACPHL-AF02176/2021	EPI_ISL_3943637	2021-01-05	North America / USA / California / Los Angeles County	Human		Baseline Surveillance	unknown	unknown	unknown		Original			B.1.243	G	(N_S194L,NSP4_V315I,NSP12_P323L,Spike_P681H,Spike_D614G,Spike_S443A,NSP3_P395L)
hCoV-19/USA/CA-UCLA-252/2020	EPI_ISL_537554	2020-06-20	North America / USA / California / Los Angeles County	Human			unknown	unknown	unknown		Original			B.1.243	G	(NSP13_S350L,N_S194L,NSP3_D736Y,N_D399N,NSP12_P323L,NS6_V9F,Spike_D614G,NSP12_K59N)
hCoV-19/USA/CA-CDPH-2000014592/2020	EPI_ISL_5441871	2020-12-14	North America / USA / California / Los Angeles County	Human			unknown	unknown	unknown		Original			B.1.243	G	(N_S2F,N_S194L,NSP3_A1775V,NSP5_S254F,NSP12_P323L,Spike_D614G,NSP2_A26T)
hCoV-19/USA/CA-CDPH-2000014576/2020	EPI_ISL_5442027	2020-12-14	North America / USA / California / Los Angeles County	Human			unknown	unknown	unknown		Original			B.1.243	G	(N_S194L,NSP13_T351I,NSP12_P323L,Spike_D614G,NSP16_A34V)
hCoV-19/USA/CA-CDPH-2000014600/2020	EPI_ISL_5442070	2020-12-15	North America / USA / California / Los Angeles County	Human			unknown	unknown	unknown		Original			B.1.243	G	(NSP2_A249V,NSP3_Q168del,NSP14_A323S,N_S194L,NSP12_A656S,NSP3_D807E,NSP12_P323L,Spike_D614G,Spike_Q675H)
hCoV-19/USA/CA-CDPH-2000014248/2020	EPI_ISL_5443294	2020-12-11	North America / USA / California / Los Angeles County	Human			unknown	unknown	unknown		Original			B.1.243	G	(Spike_N137K,N_S194L,NSP2_C509Y,NSP3_V765F,NSP12_P323L,Spike_D614G,NSP3_T970M,NS7b_S5A)
hCoV-19/USA/CA-CDPH-2000014268/2020	EPI_ISL_5443312	2020-12-14	North America / USA / California / Los Angeles County	Human			unknown	unknown	unknown		Original			B.1.243	G	(NSP3_A1711V,NSP3_L1700F,NSP5_G278R,NSP4_A48V,N_S194L,N_P13S,NSP13_T250I,NSP15_H337Y,NSP12_P323L,Spike_D614G,NS3_G174D,NSP2_G313D,N_N196I)
hCoV-19/USA/CA-CDPH-MC1132351/2020	EPI_ISL_5695824	2020-10-08	North America / USA / California / Los Angeles County	Human			unknown	unknown	unknown		Original			B.1.243	G	(N_K375R,NSP3_D1122G,NSP3_A1305V,N_S194L,NSP13_A598V,NSP3_T611I,NSP6_L260F,NSP12_P323L,Spike_D614G)
hCoV-19/USA/CA-CDPH-MC1148959/2020	EPI_ISL_5696053	2020-10-10	North America / USA / California / Los Angeles County	Human			unknown	unknown	unknown		Original			B.1.243	G	(NSP3_T1465I,N_S194L,NSP12_T739I,NS3_M260K,NSP12_P323L,Spike_D614G,Spike_C1235F)
hCoV-19/USA/CA-CDPH-MC1191318/2020	EPI_ISL_5696167	2020-10-16	North America / USA / California / Los Angeles County	Human			unknown	unknown	unknown		Original			B.1.243	G	(NSP15_D219Y,N_S194L,N_E378Q,NSP12_P323L,Spike_D614G,NSP15_K12N,NSP16_A34V)
hCoV-19/USA/CA-CDPH-MC1192054/2020	EPI_ISL_5696191	2020-10-16	North America / USA / California / Los Angeles County	Human			unknown	unknown	unknown		Original			B.1.243	G	(NSP4_S163F,NSP5_I43V,NSP12_P323L,NSP16_A34V,NSP4_L436J)
hCoV-19/USA/CA-CDPH-MC1196178/2020	EPI_ISL_5696251	2020-10-17	North America / USA / California / Los Angeles County	Human			unknown	unknown	unknown		Original			B.1.243	G	(NSP4_A69T,NSP2_A249V,N_S194L,NSP3_D807E,NSP3_S1212L,NSP12_P323L,Spike_D614G,Spike_Q675H)
hCoV-19/USA/CA-CDPH-MC1196196/2020	EPI_ISL_5696254	2020-10-17	North America / USA / California / Los Angeles County	Human			unknown	unknown	unknown		Original			B.1.243	G	(NS7a_S37F,NSP4_M324I,N_S194L,NSP2_H194Y,NSP4_E310G,NSP12_P323L,Spike_D614G,NSP16_A34V)
hCoV-19/USA/CA-CDPH-MC1200625/2020	EPI_ISL_5696337	2020-10-19	North America / USA / California / Los Angeles County	Human			unknown	unknown	unknown		Original			B.1.243	G	(NS3_D27Y,NSP13_H290Y,N_S194L,NSP6_S118L,NSP12_P323L,NS7a_T115I,Spike_D614G,NSP5_M130I,NSP16_A34V)
hCoV-19/USA/CA-CDPH-MC1205202/2020	EPI_ISL_5696424	2020-10-19	North America / USA / California / Los Angeles County	Human			unknown	unknown	unknown		Original			B.1.243	G	(NSP2_A249V,NSP3_T1456I,N_S194L,NSP12_A656S,NSP3_D807E,NSP12_P323L,Spike_D614G,Spike_Q675H)
hCoV-19/USA/CA-CDPH-MC1205213/2020	EPI_ISL_5696425	2020-10-19	North America / USA / California / Los Angeles County	Human			unknown	unknown	unknown		Original			B.1.243	G	(NSP2_A249V,NSP3_T1456I,N_S194L,NSP12_A656S,NSP3_D807E,NSP12_P323L,Spike_D614G,Spike_Q675H)
hCoV-19/USA/CA-CDPH-MC1205219/2020	EPI_ISL_5696426	2020-10-19	North America / USA / California / Los Angeles County	Human			unknown	unknown	unknown		Original			B.1.243	G	(NSP2_A249V,NSP3_T1456I,N_S194L,NSP12_A656S,NSP3_D807E,NSP12_P323L,Spike_D614G,Spike_Q675H)
hCoV-19/USA/CA-CDPH-MC1205226/2020	EPI_ISL_5696427	2020-10-19	North America / USA / California / Los Angeles County	Human			unknown	unknown	unknown		Original			B.1.243	G	(NSP2_A249V,NSP3_T1456I,N_S194L,NSP12_A656S,NSP3_D807E,NSP12_P323L,Spike_D614G,Spike_Q675H)
hCoV-19/USA/CA-CDPH-2000001339/2020	EPI_ISL_5713332	2020-12-01	North America / USA / California / Los Angeles County	Human			unknown	unknown	unknown		Original			B.1.243	G	(NS3_A23S,NSP3_T1465I,NSP2_N290S,NSP15_D39H,NS3_R122I,N_S194L,NS3_H227R,NSP12_P323L,Spike_D614G,Spike_C1235F)
hCoV-19/USA/CA-CDPH-2000001343/2020	EPI_ISL_5713336	2020-12-01	North America / USA / California / Los Angeles County	Human			unknown	unknown	unknown		Original			B.1.243	G	(NSP15_P205S,N_S194L,NSP12_P323L,Spike_P681H,Spike_D614G,NSP13_D204Y)
hCoV-19/USA/CA-CDPH-2000001401/2020	EPI_ISL_5713392	2020-12-01	North America / USA / California / Los Angeles County	Human			unknown	unknown	unknown		Original			B.1.243	G	(NSP3_D1095G,NSP3_P1103L,N_S194L,NSP3_E120D,NSP3_D807E,NSP3_I1468T,NSP12_P323L,Spike_D614G,Spike_Q675H,NS7a_V74I,E_P71S)
hCoV-19/USA/CA-CDPH-MC1139144/2020	EPI_ISL_5761385	2020-10-09	North America / USA / California / Los Angeles County	Human			unknown	unknown	unknown		Original			B.1.243	G	(Spike_R21I,NSP12_M601I,N_S194L,NS7b_V21F,Spike_L5F,NSP12_P323L,Spike_D614G,NSP16_A34V)
hCoV-19/USA/CA-CDPH-2000021317/2021	EPI_ISL_5761436	2021-01-03	North America / USA / California / Los Angeles County	Human			unknown	unknown	unknown		Original			B.1.243	G	(NSP15_P205S,N_S194L,NSP12_P323L,Spike_P681H,Spike_D614G,NSP13_D204Y)
hCoV-19/USA/CA-CDPH-1002004546/2020	EPI_ISL_5934435	2020-10-06	North America / USA / California / Los Angeles County	Human			unknown	unknown	unknown		Original			B.1.243	G	(NSP2_A596P,N_S194L,Spike_L5F,NSP15_S147I,NSP4_A446T,NS8_V62L,NSP12_P323L,Spike_D614G,NSP14_S255I,NSP3_M829I)
hCoV-19/USA/CA-CDPH-1002004557/2020	EPI_ISL_5934446	2020-10-06	North America / USA / California / Los Angeles County	Human			unknown	unknown	unknown		Original			B.1.243	G	(NSP2_A596P,N_S194L,Spike_L5F,NSP15_S147I,NSP4_A446T,NS8_V62L,NSP12_P323L,Spike_D614G,NSP14_S255I,NSP3_M829I)
hCoV-19/USA/CA-CDPH-1002004565/2020	EPI_ISL_5934454	2020-10-09	North America / USA / California / Los Angeles County	Human			unknown	unknown	unknown		Original			B.1.243	G	(NSP2_A596P,N_S194L,Spike_L5F,NSP15_S147I,NSP4_A446T,NS8_V62L,NSP12_P323L,Spike_D614G,NSP14_S255I,NSP3_M829I)
hCoV-19/USA/CA-CDPH-1002004586/2020	EPI_ISL_5934475	2020-10-12	North America / USA / California / Los Angeles County	Human			unknown	unknown	unknown		Original			B.1.243	G	(N_S194L,NSP3_V267F,NSP12_T604A,NSP12_V605I,NSP1_A42V,NSP12_P323L,Spike_D614G,NS8_P36S,NSP4_D477A)
hCoV-19/USA/CA-CDPH-1002004611/2020	EPI_ISL_5934500	2020-10-16	North America / USA / California / Los Angeles County	Human			unknown	unknown	unknown		Original			B.1.243	G	(N_S194L,NSP3_D807E,NS3_T151I,NSP12_V693A,NSP12_P323L,Spike_D614G,Spike_Q675H,NS7a_T120I)
hCoV-19/USA/CA-CDPH-1002004612/2020	EPI_ISL_5934501	2020-10-16	North America / USA / California / Los Angeles County	Human			unknown	unknown	unknown		Original			B.1.243	G	(NSP3_N1705T,N_S194L,NSP3_G1300D,NSP12_P323L,Spike_P681H,Spike_D614G)
hCoV-19/USA/CA-CDPH-1002004617/2020	EPI_ISL_5934506	2020-10-16	North America / USA / California / Los Angeles County	Human			unknown	unknown	unknown		Original			B.1.243	G	(N_S194L,NSP3_D807E,NS3_T151I,NSP12_V693A,NSP12_P323L,Spike_D614G,Spike_Q675H)
hCoV-19/USA/CA-CDPH-1002004618/2020	EPI_ISL_5934507	2020-10-16	North America / USA / California / Los Angeles County	Human			unknown	unknown	unknown		Original			B.1.243	G	(NSP2_A596P,N_S194L,Spike_L5F,NSP15_S147I,NSP4_A446T,NS8_V62L,NSP12_P323L,Spike_D614G,NSP14_S255I,NSP3_M829I)
hCoV-19/USA/CA-CDPH-1002004622/2020	EPI_ISL_5934511	2020-10-19	North America / USA / California / Los Angeles County	Human			unknown	unknown	unknown		Original			B.1.243	G	(NSP3_T1465I,N_S194L,NS3_V13A,NS3_M260K,NSP12_P323L,Spike_D614G,Spike_D253G,Spike_C1235F)
hCoV-19/USA/CA-CDPH-1002004623/2020	EPI_ISL_5934512	2020-10-19	North America / USA / California / Los Angeles County	Human			unknown	unknown	unknown		Original			B.1.243	G	(NSP3_T1465I,N_S194L,N_T329M,NSP2_A419V,NS3_V13A,NS3_M260K,NSP3_I580L,NSP12_P323L,Spike_D614G,Spike_C1235F)
hCoV-19/USA/CA-CDPH-1002004638/2020	EPI_ISL_5934528	2020-10-22	North America / USA / California / Los Angeles County	Human			unknown	unknown	unknown		Original			B.1.243	G	(N_S194L,NSP3_D807E,NS3_T151I,NS6_R20S,NSP12_P323L,Spike_D614G,Spike_Q675H)
hCoV-19/USA/CA-CDPH-1002004676/2020	EPI_ISL_5934566	2020-10-19	North America / USA / California / Los Angeles County	Human			unknown	unknown	unknown		Original			B.1.243	G	(NSP2_A596P,N_S194L,Spike_L5F,NSP4_A446T,NSP12_P323L,Spike_D614G,NSP3_M829I)
hCoV-19/USA/CA-CDPH-1002004678/2020	EPI_ISL_5934568	2020-10-21	North America / USA / California / Los Angeles County	Human			unknown	unknown	unknown		Original			B.1.243	G	(NSP3_A1305V,N_S194L,NS3_A72V,NSP3_K1382N,NSP13_P504S,NSP3_T611I,NSP12_P323L,Spike_D614G,NSP14_S255I,N_A90S)
hCoV-19/USA/CA-CDPH-1002004692/2020	EPI_ISL_5934582	2020-11-10	North America / USA / California / Los Angeles County	Human			unknown	unknown	unknown		Original			B.1.243	G	(NSP3_K1737R,Spike_S94F,Spike_A67S,E_V58F,NSP3_V1229F,N_S194L,NS8_V62L,NSP3_V1201A,NSP12_P323L,Spike_D614G,NSP13_T115I)
hCoV-19/USA/CA-CDPH-1002004697/2020	EPI_ISL_5934587	2020-11-10	North America / USA / California / Los Angeles County	Human			unknown	unknown	unknown		Original			B.1.243	G	(N_S194L,NSP13_T250I,NSP12_P323L,Spike_D614G,NS3_G174D)
hCoV-19/USA/CA-CDPH-1002004698/2020	EPI_ISL_5934588	2020-11-10	North America / USA / California / Los Angeles County	Human			unknown	unknown	unknown		Original			B.1.243	G	(N_K387Q,NSP3_T1269I,NSP3_A1305V,N_S194L,Spike_E309Q,NSP3_V732F,NSP3_M951V,NSP12_P323L,Spike_D614G)
hCoV-19/USA/CA-CDPH-1002004735/2020	EPI_ISL_5934627	2020-11-10	North America / USA / California / Los Angeles County	Human			unknown	unknown	unknown		Original			B.1.243	G	(NSP3_A1305V,N_S194L,NSP3_T611I,Spike_D88H,NSP12_P323L,Spike_D614G,NSP6_L37F,NSP15_I252V,Spike_S689I)
hCoV-19/USA/CA-CDPH-2000004813/2020	EPI_ISL_6266812	2020-12-29	North America / USA / California / Los Angeles County	Human			unknown	unknown	unknown		Original			B.1.243	G	(N_S2F,NSP12_R721C,N_S194L,NS7a_P99S,NSP3_A1775V,NSP5_S254F,NSP12_P323L,Spike_D614G,NSP2_A26T)
hCoV-19/USA/CA-CDPH-2000004834/2020	EPI_ISL_6266831	2020-12-30	North America / USA / California / Los Angeles County	Human			unknown	unknown	unknown		Original			B.1.243	G	(N_E280Z,Spike_M1237I,Spike_D936Y,N_S194L,NSP3_D807E,NS3_T151I,NSP12_P323L,Spike_D614G,Spike_Q675H,NS3_G254E)
hCoV-19/USA/CA-CDPH-2000004840/2020	EPI_ISL_6266837	2020-12-30	North America / USA / California / Los Angeles County	Human			unknown	unknown	unknown		Original			B.1.243	G	(NSP3_N1705T,N_S194L,NSP3_G1300D,NSP3_P67S,NSP3_T1714I,NSP12_P323L,Spike_P681H,Spike_D614G,NSP8_A21V)
hCoV-19/USA/CA-CDPH-2000001576/2020	EPI_ISL_6334361	2020-12-01	North America / USA / California / Los Angeles County	Human			unknown	unknown	unknown		Original			B.1.243	G	(NSP2_L462F,NSP3_P1103L,N_S194L,NS3_V77F,NSP3_D807E,NSP12_P323L,Spike_D614G,NSP3_K1804N,Spike_Q675H,Spike_A520S,E_P71S)
hCoV-19/USA/CA-LACPHL-AE00014/2020	EPI_ISL_707911	2020-07-02	North America / USA / California / Los Angeles County	Human			unknown	unknown	unknown		Original			B.1.243	G	(N_S194L,NSP12_P323L,Spike_D614G)
hCoV-19/USA/CA-LACPHL-AE00015/2020	EPI_ISL_707912	2020-07-02	North America / USA / California / Los Angeles County	Human			unknown	unknown	unknown		Original			B.1.243	G	(N_S194L,NSP12_P323L,Spike_D614G)
hCoV-19/USA/CA-LACPHL-AE00021/2020	EPI_ISL_707918	2020-07-06	North America / USA / California / Los Angeles County	Human			unknown	unknown	unknown		Original			B.1.243	G	(N_S194L,NSP12_P323L,Spike_D614G)
hCoV-19/USA/CA-LACPHL-AA00007/2020	EPI_ISL_710105	2020-08-03	North America / USA / California / Los Angeles County	Human			unknown	unknown	unknown		Original			B.1.243	G	(N_E367G,N_S194L,NSP12_P323L,NSP12_N911K,Spike_D614G,NSP14_S374F,NSP16_A34V)
hCoV-19/USA/CA-LACPHL-AA00009/2020	EPI_ISL_710107	2020-08-04	North America / USA / California / Los Angeles County	Human			unknown	unknown	unknown		Original			B.1.243	G	(NSP3_A1305V,N_S194L,NSP3_T611I,NSP12_P323L,Spike_D614G)
hCoV-19/USA/CA-LACPHL-AA00043/2020	EPI_ISL_710429	2020-10-14	North America / USA / California / Los Angeles County	Human			unknown	unknown	unknown		Original			B.1.243	G	(N_E367G,NS7a_E16K,NS3_L85F,N_S194L,NSP8_K37N,NSP3_I1152S,NSP3_A1561V,NSP3_S1485F,NSP12_Y674H,NSP12_P323L,Spike_D614G,NS8_A65G)
hCoV-19/USA/CA-CDPH-3000032326/2021	EPI_ISL_7335541	2021-02-19	North America / USA / California / Los Angeles County	Human			unknown	unknown	unknown		Original			B.1.243	G	(N_S194L,Spike_Q1071L,NSP12_P323L,Spike_P681H,Spike_D614G,NSP14_M501I)
hCoV-19/USA/CA-CDPH-3000032327/2021	EPI_ISL_7335542	2021-02-19	North America / USA / California / Los Angeles County	Human			unknown	unknown	unknown		Original			B.1.243	G	(N_S194L,Spike_Q1071L,NSP12_P323L,Spike_P681H,Spike_D614G)
hCoV-19/USA/CA-LACPHL-AF00005/2020	EPI_ISL_737240	2020-12-17	North America / USA / California / Los Angeles County	Human		Baseline surveillance	unknown	unknown	unknown		Original			B.1.243	G	(NSP4_A69T,NSP2_A249V,N_S194L,NSP3_D807E,NSP12_P323L,Spike_D614G,Spike_Q675H)
hCoV-19/USA/CA-LACPHL-AF00007/2020	EPI_ISL_737242	2020-12-16	North America / USA / California / Los Angeles County	Human		Baseline surveillance	unknown	unknown	unknown		Original			B.1.243	G	(NS8_V100L,NSP2_A510V,NSP3_A1215T,NSP3_P1103L,N_S194L,NSP12_T739I,NSP3_Q193L,NSP14_L177F,NSP3_D807E,NSP12_P323L,Spike_D614G,NSP6_L37F,Spike_Q675H,Spike_A520S,E_P71S)
hCoV-19/USA/CA-CSMC213/2021	EPI_ISL_7508098	2021-02-11	North America / USA / California / Los Angeles County	Human			unknown	unknown	unknown		Original			B.1.243	G	(N_S194L,NSP3_E399K,NSP3_A1775V,Spike_Q1071L,NSP12_P323L,Spike_P681H,Spike_D614G,NSP14_M501I)
hCoV-19/USA/CA-CSMC236/2021	EPI_ISL_7508232	2021-02-15	North America / USA / California / Los Angeles County	Human			unknown	unknown	unknown		Original			B.1.243	G	(N_P365S,N_S194L,NSP3_V267F,NSP3_D807E,M_H125Y,NS3_T151I,NSP12_V299F,NS3_G18R,NSP12_P323L,Spike_D614G,Spike_Q675H,N_Q389H)
hCoV-19/USA/CA-CSMC365/2020	EPI_ISL_7508389	2020-08-19	North America / USA / California / Los Angeles County	Human			unknown	unknown	unknown		Original			B.1.243	G	(NSP12_L90F,N_S194L,NSP12_P323L,Spike_D614G)
hCoV-19/USA/CA-CSMC373/2020	EPI_ISL_7508426	2020-08-19	North America / USA / California / Los Angeles County	Human			unknown	unknown	unknown		Original			B.1.243	G	(NSP15_K34E,N_S194L,NSP12_T604A,Spike_R214H,NSP12_V605I,NSP1_A42V,NSP15_K109N,NSP12_P323L,Spike_D614G,NSP4_D477A)
hCoV-19/USA/CA-CSMC397/2020	EPI_ISL_7508547	2020-08-19	North America / USA / California / Los Angeles County	Human			unknown	unknown	unknown		Original			B.1.243	G	(NSP3_F1516C,N_S194L,NSP12_T604A,NSP12_V605I,NSP1_A42V,NSP12_P323L,NSP6_I124M,Spike_D614G,NSP4_T492I,NSP4_D477A)
hCoV-19/USA/CA-CSMC406/2020	EPI_ISL_7508590	2020-08-05	North America / USA / California / Los Angeles County	Human			unknown	unknown	unknown		Original			B.1.243	G	(N_S194L,NSP12_T604A,NSP12_V605I,NSP1_A42V,NSP12_P323L,NSP6_I124M,Spike_D614G,NSP4_T492I,NSP4_D477A)
hCoV-19/USA/CA-CSMC411/2020	EPI_ISL_7508612	2020-08-06	North America / USA / California / Los Angeles County	Human			unknown	unknown	unknown		Original			B.1.243	G	(NSP2_A510V,N_S194L,NS3_V55F,NS3_R68I,NSP12_P323L,Spike_D614G,NSP2_L390I)
hCoV-19/USA/CA-CSMC413/2020	EPI_ISL_7508619	2020-08-07	North America / USA / California / Los Angeles County	Human			unknown	unknown	unknown		Original			B.1.243	G	(N_S194L,NSP12_T739I,NS8_Q29H,NSP2_K500N,Spike_V127F,NSP12_P323L,Spike_D614G,NSP3_P654S)
hCoV-19/USA/CA-CSMC417/2020	EPI_ISL_7508635	2020-08-15	North America / USA / California / Los Angeles County	Human			unknown	unknown	unknown		Original			B.1.243	G	(NSP3_T1303I,N_S194L,NSP13_V169F,NSP12_P323L,Spike_D614G,NSP3_P985S,Spike_S98F,NSP2_G212C,NSP16_A34V)
hCoV-19/USA/CA-CSMC264/2021	EPI_ISL_7508838	2021-03-09	North America / USA / California / Los Angeles County	Human			unknown	unknown	unknown		Original			B.1.243	G	(NSP15_G129C,N_S194L,NSP1_V28I,NS3_V13L,Spike_T29I,NSP12_P323L,Spike_D614G)
hCoV-19/USA/CA-CSMC273/2021	EPI_ISL_7508883	2021-02-12	North America / USA / California / Los Angeles County	Human			unknown	unknown	unknown		Original			B.1.243	G	(M_L17F,N_S194L,NSP15_T114M,NSP3_D807E,NS3_T151I,Spike_S939F,NSP12_P323L,Spike_D614G,Spike_Q675H,NSP14_S450G)
hCoV-19/USA/CA-CSMC275/2021	EPI_ISL_7508892	2021-02-04	North America / USA / California / Los Angeles County	Human			unknown	unknown	unknown		Original			B.1.243	G	(N_S194L,NSP13_L297F,NSP3_I1672V,NSP3_V1243F,Spike_Q1071L,NSP12_P323L,Spike_P681H,Spike_D614G,NSP14_M501I)
hCoV-19/USA/CA-CSMC280/2021	EPI_ISL_7508921	2021-02-06	North America / USA / California / Los Angeles County	Human			unknown	unknown	unknown		Original			B.1.243	G	(M_L17F,N_S194L,NSP15_T114M,NSP3_D807E,NS3_T151I,Spike_S939F,NSP12_P323L,Spike_D614G,Spike_Q675H,NSP14_S450G)
hCoV-19/USA/CA-CSMC330/2021	EPI_ISL_7509057	2021-02-23	North America / USA / California / Los Angeles County	Human			unknown	unknown	unknown		Original			B.1.243	G	(NS8_V5S,NSP3_T1004I,NS7b_F19L,NSP3_M988I,Spike_S50L,NS7b_M24L,NSP3_P1103L,N_S194L,Spike_A1020V,NSP3_T428I,NSP2_V381F,NSP3_D807E,NS8_L4N,NSP15_V131L,NSP12_P323L,Spike_D614G,Spike_Q675H,NSP12_R173C,Spike_A520S,E_P71S,NSP2_V258A)
hCoV-19/USA/CA-CSMC337/2021	EPI_ISL_7509064	2021-01-03	North America / USA / California / Los Angeles County	Human			unknown	unknown	unknown		Original			B.1.243	G	(Spike_V1065L,N_S194L,NSP6_T181I,NSP3_S1296F,NSP12_P323L,NSP3_S1735F,Spike_P681H,Spike_D614G,NSP3_P395L)
hCoV-19/USA/CA-CSMC399/2021	EPI_ISL_7509129	2021-01-19	North America / USA / California / Los Angeles County	Human			unknown	unknown	unknown		Original			B.1.243	G	(NSP3_T1482I,N_S194L,NSP2_K500N,NSP15_A171V,NS7a_L17F,NS3_V256I,NSP12_P323L,Spike_D614G)
hCoV-19/USA/CA-CSMC410/2021	EPI_ISL_7509140	2021-01-21	North America / USA / California / Los Angeles County	Human			unknown	unknown	unknown		Original			B.1.243	G	(NSP1_V86F,N_S194L,NS7a_T57del,NSP12_P323L,Spike_P681H,Spike_D614G,NSP6_L37F,NS7a_C58del,NS7a_F59del)
hCoV-19/USA/CA-CSMC425/2021	EPI_ISL_7509155	2021-01-04	North America / USA / California / Los Angeles County	Human			unknown	unknown	unknown		Original			B.1.243	G	(N_S194L,NSP12_P323L,Spike_P681H,Spike_D614G)
hCoV-19/USA/CA-CSMC430/2021	EPI_ISL_7509160	2021-01-23	North America / USA / California / Los Angeles County	Human			unknown	unknown	unknown		Original			B.1.243	G	(NSP3_N1705T,N_S194L,NSP3_G1300D,NSP12_P323L,Spike_P681H,Spike_D614G,NSP2_V258A)
hCoV-19/USA/CA-CSMC436/2021	EPI_ISL_7509166	2021-01-25	North America / USA / California / Los Angeles County	Human			unknown	unknown	unknown		Original			B.1.243	G	(NSP4_A69T,NSP2_A249V,N_S194L,NSP3_D807E,NSP12_P323L,Spike_D614G,N_A398V,Spike_Q675H)
hCoV-19/USA/CA-CSMC466/2021	EPI_ISL_7509195	2021-01-23	North America / USA / California / Los Angeles County	Human			unknown	unknown	unknown		Original			B.1.243	G	(N_S194L,NSP12_P323L,Spike_P681H,Spike_D614G,NSP3_N1457D)
hCoV-19/USA/CA-CSMC493/2021	EPI_ISL_7509223	2021-01-26	North America / USA / California / Los Angeles County	Human			unknown	unknown	unknown		Original			B.1.243	G	(NSP4_A69T,NSP2_A249V,N_S194L,NSP3_D807E,NSP12_P323L,Spike_D614G,N_A398V,Spike_Q675H)
hCoV-19/USA/CA-CSMC506/2021	EPI_ISL_7509236	2021-01-16	North America / USA / California / Los Angeles County	Human			unknown	unknown	unknown		Original			B.1.243	G	(N_S2F,N_S194L,NSP3_A1775V,NSP5_S254F,NSP8_S31P,NSP12_P323L,Spike_D614G,NSP2_A26T,NS8_V117F)
hCoV-19/USA/CA-CSMC520/2021	EPI_ISL_7509291	2021-01-16	North America / USA / California / Los Angeles County	Human			unknown	unknown	unknown		Original			B.1.243	G	(N_S194L,NSP14_L177F,N_G129S,NSP13_V348L,NS3_V256I,N_E378Q,NSP12_P323L,Spike_D614G,NSP16_A34V,M_A69S)
hCoV-19/USA/CA-CSMC443/2020	EPI_ISL_7509350	2020-11-03	North America / USA / California / Los Angeles County	Human			unknown	unknown	unknown		Original			B.1.243	G	(NSP3_T1482I,N_S194L,NSP12_P264S,NSP2_K500N,NS3_L127F,NS6_V5F,NSP12_P323L,Spike_D614G,NSP3_T48I,N_I292T)
hCoV-19/USA/CA-CSMC444/2020	EPI_ISL_7509357	2020-11-27	North America / USA / California / Los Angeles County	Human			unknown	unknown	unknown		Original			B.1.243	G	(NSP15_P262L,NSP4_T73I,N_S194L,NSP3_Q173L,NSP5_P132S,NSP12_P323L,Spike_D614G,Spike_Q675H)
hCoV-19/USA/CA-CSMC452/2020	EPI_ISL_7509393	2020-11-03	North America / USA / California / Los Angeles County	Human			unknown	unknown	unknown		Original			B.1.243	G	(NSP3_T1482I,N_S194L,NSP12_P264S,NSP2_K500N,NS3_L127F,NS6_V5F,NSP12_P323L,Spike_D614G,NSP3_T48I,N_I292T)
hCoV-19/USA/CA-CSMC462/2020	EPI_ISL_7509443	2020-11-27	North America / USA / California / Los Angeles County	Human			unknown	unknown	unknown		Original			B.1.243	G	(NSP3_N1705T,N_S194L,NSP3_G1300D,NSP6_T181I,NSP12_P323L,Spike_P681H,Spike_D614G,M_H125Q,NSP2_V258A)
hCoV-19/USA/CA-CSMC463/2020	EPI_ISL_7509446	2020-11-28	North America / USA / California / Los Angeles County	Human			unknown	unknown	unknown		Original			B.1.243	G	(N_S194L,Spike_Q1071L,NSP9_G37R,NSP12_P323L,Spike_P681H,Spike_D614G,NSP14_M501I)
hCoV-19/USA/CA-CSMC490/2020	EPI_ISL_7509560	2020-11-26	North America / USA / California / Los Angeles County	Human			unknown	unknown	unknown		Original			B.1.243	G	(Spike_T95I,Spike_R190S,N_S194L,N_P309L,NS3_D173V,NS8_S54L,NSP12_P323L,Spike_D614G)
hCoV-19/USA/CA-CSMC518/2020	EPI_ISL_7509640	2020-11-16	North America / USA / California / Los Angeles County	Human			unknown	unknown	unknown		Original			B.1.243	G	(NSP3_N1705T,N_S194L,NSP3_G1300D,NSP15_L162F,NSP12_P323L,NSP2_L271I,Spike_P681H,Spike_D614G,NSP2_V258A)
hCoV-19/USA/CA-CSMC542/2020	EPI_ISL_7509661	2020-10-24	North America / USA / California / Los Angeles County	Human			unknown	unknown	unknown		Original			B.1.243	G	(NSP2_A476V,NSP14_A119V,N_S194L,NSP12_P323L,Spike_D614G,NSP16_A34V,NSP2_S533L)
hCoV-19/USA/CA-CSMC553/2020	EPI_ISL_7509671	2020-10-12	North America / USA / California / Los Angeles County	Human			unknown	unknown	unknown		Original			B.1.243	G	(NSP2_A596P,N_S194L,Spike_L5F,NSP15_S147I,NSP4_A446T,NS8_V62L,NSP12_P323L,Spike_D614G,NSP14_S255I,NSP3_M829I)
hCoV-19/USA/CA-CSMC554/2020	EPI_ISL_7509672	2020-10-14	North America / USA / California / Los Angeles County	Human			unknown	unknown	unknown		Original			B.1.243	G	(Spike_V1264L,Spike_T95I,NS3_L85F,N_S194L,NSP2_K500N,NSP12_P323L,Spike_D614G)
hCoV-19/USA/CA-CSMC559/2020	EPI_ISL_7509675	2020-10-01	North America / USA / California / Los Angeles County	Human			unknown	unknown	unknown		Original			B.1.243	G	(Spike_T95I,N_S194L,Spike_T307I,NSP2_K500N,NSP12_P169S,NSP12_P323L,Spike_D614G)
hCoV-19/USA/CA-CSMC577/2020	EPI_ISL_7509690	2020-10-07	North America / USA / California / Los Angeles County	Human			unknown	unknown	unknown		Original			B.1.243	G	(Spike_E96Q,NS7a_S37F,NSP4_M324I,N_S194L,NSP2_H194Y,NSP4_E310G,NSP12_P323L,Spike_D614G,NSP16_A34V,NSP13_T127I)
hCoV-19/USA/CA-CSMC589/2020	EPI_ISL_7509699	2020-10-28	North America / USA / California / Los Angeles County	Human			unknown	unknown	unknown		Original			B.1.243	G	(N_K373N,NSP3_K945R,NSP2_A596P,N_S194L,Spike_L5F,NSP15_S147I,NSP4_A446T,NS8_V62L,Spike_A1174S,NSP12_P323L,Spike_D614G,NSP14_S255I,NSP3_M829I)
hCoV-19/USA/CA-CSMC595/2020	EPI_ISL_7509705	2020-10-18	North America / USA / California / Los Angeles County	Human			unknown	unknown	unknown		Original			B.1.243	G	(N_K373N,NSP3_K945R,NSP2_A596P,N_S194L,Spike_L5F,NSP15_S147I,NSP4_A446T,NS8_V62L,NSP12_P323L,Spike_D614G,NSP14_S255I,NSP3_M829I)
hCoV-19/USA/CA-CSMC598/2020	EPI_ISL_7509708	2020-10-22	North America / USA / California / Los Angeles County	Human			unknown	unknown	unknown		Original			B.1.243	G	(Spike_N137K,N_S194L,NSP2_C509Y,NSP3_V765F,NSP12_P323L,Spike_D614G,NSP3_T970M,NS7b_S5A)
hCoV-19/USA/CA-CSMC601/2020	EPI_ISL_7509711	2020-10-15	North America / USA / California / Los Angeles County	Human			unknown	unknown	unknown		Original			B.1.243	G	(NSP2_A596P,N_S194L,Spike_L5F,NSP15_S147I,NSP4_A446T,NS8_V62L,NSP12_P323L,Spike_D614G,NSP14_S255I,NSP3_M829I)
hCoV-19/USA/CA-CSMC627/2020	EPI_ISL_7509735	2020-09-18	North America / USA / California / Los Angeles County	Human			unknown	unknown	unknown		Original			B.1.243	G	(NSP2_A596P,N_S194L,Spike_L5F,NSP15_S147I,NSP4_A446T,NS8_V62L,NSP12_P323L,Spike_D614G,NSP14_S255I,NSP3_M829I)
hCoV-19/USA/CA-CSMC636/2020	EPI_ISL_7509747	2020-09-17	North America / USA / California / Los Angeles County	Human			unknown	unknown	unknown		Original			B.1.243	G	(NSP3_D1122G,NSP3_A1305V,N_S194L,NSP13_A598V,NSP3_T611I,NSP12_P323L,Spike_D614G)
hCoV-19/USA/CA-CSMC645/2020	EPI_ISL_7509756	2020-08-31	North America / USA / California / Los Angeles County	Human			unknown	unknown	unknown		Original			B.1.243	G	(NSP4_T96I,NSP3_Q1216H,N_S194L,NSP3_A1561V,NS3_V112F,NSP12_P323L,Spike_V1133F,Spike_D614G)
hCoV-19/USA/CA-CSMC671/2020	EPI_ISL_7509777	2020-09-14	North America / USA / California / Los Angeles County	Human			unknown	unknown	unknown		Original			B.1.243	G	(NSP15_D219Y,N_S194L,N_E378Q,NSP12_P323L,Spike_D614G,NSP16_A34V)
hCoV-19/USA/CA-CSMC676/2020	EPI_ISL_7509782	2020-09-14	North America / USA / California / Los Angeles County	Human			unknown	unknown	unknown		Original			B.1.243	O	(NS7b_E39stop,NS3_N119S,Spike_Y200del,NSP3_L1525H,NSP3_Q380A,NS3_I10C,NS3_K16L,N_S194L,NS3_S117L,Spike_D398del,NS3_V13del,NS3_C130L,NSP15_S147I,NS8_V62L,NS3_F120L,Spike_R403del,NSP3_M1529F,NSP14_S255I,Spike_P39R,NSP3_F1533C,NS3_G11del,NS3_T9N,NS3_I124L,NSP3_V381I,Spike_V401del,NS3_L147R,NS3_A143C,Spike_V42L,Spike_I402del,NS3_V121L,Spike_Y396del,NS3_C148stop,NSP4_A446T,NSP3_I1528V,NS3_L15del,NS3_K136del,NS3_D142N,NS3_T12del,NS3_P138del,NS3_ins115stopC,NS3_I123L,NSP4_T237del,Spike_D40S,Spike_ins64CLLP,Spike_V395del,NS3_T151N,NSP2_A596P,NS3_L140F,Spike_L5F,NS3_Y141F,NS3_F114T,NS3_M125R,NSP3_ins1524GCN,NSP3_Y1535T,NS3_W128Y,NSP3_M829I,NS3_S135del,NS3_R122A,NS3_N144H,Spike_R44M,NS3_ins122Ystop,Spike_F43Y,NS3_R126L,Spike_F400del,NS3_C153S,NS3_L129T,NS3_K132stop,NS3_N152K,NS3_R134N,NS3_N137del,Spike_K41M,NSP3_A1527I,NS3_I118F,NSP12_P323L,Spike_D614G,NS3_T14del,Spike_A397del,NS3_L139del,NS3_W131Q,Spike_S399del)
hCoV-19/USA/CA-CSMC679/2020	EPI_ISL_7509785	2020-09-16	North America / USA / California / Los Angeles County	Human			unknown	unknown	unknown		Original			B.1.243	G	(NSP3_T1269I,N_S194L,NSP12_P323L,Spike_D614G,NSP16_G77R)
hCoV-19/USA/CA-CSMC701/2020	EPI_ISL_7509805	2020-09-02	North America / USA / California / Los Angeles County	Human			unknown	unknown	unknown		Original			B.1.243	G	(NSP3_A1305V,N_S194L,NS3_A72V,NSP3_K1382N,NSP3_T611I,NSP12_P323L,Spike_D614G,NSP14_S255I)
hCoV-19/USA/CA-CSMC709/2020	EPI_ISL_7509811	2020-09-12	North America / USA / California / Los Angeles County	Human			unknown	unknown	unknown		Original			B.1.243	G	(NSP3_A1305V,N_S194L,NS3_A72V,NSP3_K1382N,NSP3_T611I,NSP12_P323L,Spike_D614G,NSP14_S255I,Spike_A653V)
hCoV-19/USA/CA-CSMC713/2020	EPI_ISL_7509815	2020-09-06	North America / USA / California / Los Angeles County	Human			unknown	unknown	unknown		Original			B.1.243	G	(N_S194L,NSP13_A135S,NSP2_R222C,NSP12_P323L,Spike_D614G,Spike_A222T,N_Q289H)
hCoV-19/USA/CA-LACPHL-AF00048/2020	EPI_ISL_754390	2020-12-19	North America / USA / California / Los Angeles County	Human		Baseline surveillance	unknown	unknown	unknown		Original			B.1.243	G	(NSP15_P205S,N_S194L,NSP12_P323L,Spike_P681H,Spike_D614G,NSP6_L37F,NSP13_D204Y)
hCoV-19/USA/CA-LACPHL-AF00073/2020	EPI_ISL_766010	2020-12-21	North America / USA / California / Los Angeles County	Human		Baseline surveillance	unknown	unknown	unknown		Original			B.1.243	G	(NSP16_M260I,NSP4_T319A,NSP2_A306V,NSP3_N1247T,N_S194L,N_S202R,N_D144Y,NS7a_A8T,NSP5_T224N,NSP12_P323L,NSP5_K90R,Spike_P681H,Spike_D614G)
hCoV-19/USA/CA-LACPHL-AF00075/2020	EPI_ISL_766012	2020-12-21	North America / USA / California / Los Angeles County	Human		Baseline surveillance	unknown	unknown	unknown		Original			B.1.243	G	(NSP16_M260I,NSP4_T319A,NSP2_A306V,NSP3_N1247T,N_S194L,N_S202R,N_D144Y,NS7a_A8T,NSP5_T224N,NSP12_P323L,NSP5_K90R,Spike_P681H,Spike_D614G)
hCoV-19/USA/CA-CDPH-2000003311/2020	EPI_ISL_7673512	2020-12-19	North America / USA / California / Los Angeles County	Human			unknown	unknown	unknown		Original			B.1.243	G	(NSP15_G129C,NSP3_V1312A,N_S194L,NSP1_V28I,NS7a_F6S,NS3_V13L,Spike_T29I,NSP12_P323L,Spike_D614G)
hCoV-19/USA/CA-CDPH-2000003317/2020	EPI_ISL_7673518	2020-12-19	North America / USA / California / Los Angeles County	Human			unknown	unknown	unknown		Original			B.1.243	G	(NSP15_G129C,NSP3_V1312A,N_S194L,NS7a_F6S,NS3_V13L,Spike_T29I,NSP12_P323L,Spike_D614G)
hCoV-19/USA/CA-CDPH-2000003318/2020	EPI_ISL_7673519	2020-12-19	North America / USA / California / Los Angeles County	Human			unknown	unknown	unknown		Original			B.1.243	G	(NSP15_G129C,NSP3_V1312A,N_S194L,NSP1_V28I,NS7a_F6S,NS3_V13L,Spike_T29I,NSP12_P323L,Spike_D614G)
hCoV-19/USA/CA-CDPH-2000003320/2020	EPI_ISL_7673521	2020-12-19	North America / USA / California / Los Angeles County	Human			unknown	unknown	unknown		Original			B.1.243	G	(NSP15_G129C,NSP3_V1312A,N_S194L,NSP1_V28I,NS7a_F6S,NS3_V13L,Spike_T29I,NSP12_P323L,Spike_D614G)
hCoV-19/USA/CA-CDPH-2000003345/2020	EPI_ISL_7673544	2020-12-19	North America / USA / California / Los Angeles County	Human			unknown	unknown	unknown		Original			B.1.243	G	(NS3_A99V,N_S194L,NSP3_M1441I,NS3_M260I,NS3_L108F,NS3_N152S,NSP12_P323L,Spike_D614G)
hCoV-19/USA/CA-CDPH-2000003355/2020	EPI_ISL_7673553	2020-12-19	North America / USA / California / Los Angeles County	Human			unknown	unknown	unknown		Original			B.1.243	G	(E_V24A,NSP4_A69T,NSP2_A249V,NSP2_V258I,N_S194L,NS7a_V104F,NSP3_A562E,NSP16_V67A,NSP3_D807E,NS6_V5F,NSP12_P323L,Spike_D614G,Spike_Q675H)
hCoV-19/USA/CA-CDPH-2000003389/2020	EPI_ISL_7673585	2020-12-19	North America / USA / California / Los Angeles County	Human			unknown	unknown	unknown		Original			B.1.243	G	(NSP15_P262L,NS3_S166L,N_G212C,NSP3_P1103L,N_S194L,NSP3_D807E,NSP12_P323L,Spike_D614G,Spike_Q675H,E_P71S)
hCoV-19/USA/CA-CDPH-3000109184/2021	EPI_ISL_7703853	2021-02-01	North America / USA / California / Los Angeles County	Human			unknown	unknown	unknown		Original			B.1.243	G	(NSP3_N1705T,N_S194L,N_E31Q,NSP3_K945N,NSP3_G1300D,NSP4_S395G,NSP3_S1682F,NSP12_P323L,Spike_P681H,Spike_D614G,NSP16_K160R,NSP2_V258A)
hCoV-19/USA/CA-CDPH-3000053997/2021	EPI_ISL_7709003	2021-02-08	North America / USA / California / Los Angeles County	Human			unknown	unknown	unknown		Original			B.1.243	G	(NSP3_P1103L,N_S194L,NSP3_D807E,NSP12_P323L,Spike_D614G,Spike_Q675H,Spike_A520S,E_P71S)
hCoV-19/USA/CA-CDPH-2000012575/2020	EPI_ISL_7855170	2020-12-15	North America / USA / California / Los Angeles County	Human			unknown	unknown	unknown		Original			B.1.243	G	(N_S2F,N_S194L,NSP3_A1775V,NSP5_S254F,NSP8_S31P,NSP12_P323L,Spike_D614G,NSP2_A26T,NS8_V117F)
hCoV-19/USA/CA-CDPH-2000012619/2020	EPI_ISL_7855214	2020-12-16	North America / USA / California / Los Angeles County	Human			unknown	unknown	unknown		Original			B.1.243	G	(N_S194L,NS3_V88L,N_P13L,NS3_T223I,NSP12_L829F,NSP12_P323L,NSP3_H1274Y,Spike_D614G,Spike_G1167V)
hCoV-19/USA/CA-CDPH-2000012632/2020	EPI_ISL_7855227	2020-12-15	North America / USA / California / Los Angeles County	Human			unknown	unknown	unknown		Original			B.1.243	G	(NSP3_N1705T,N_S194L,NSP3_G1300D,NSP12_P323L,Spike_P681H,Spike_D614G,NSP2_V258A)
hCoV-19/USA/CA-CDPH-2000012637/2020	EPI_ISL_7855230	2020-12-16	North America / USA / California / Los Angeles County	Human			unknown	unknown	unknown		Original			B.1.243	G	(NS3_S166L,N_G212C,NSP3_P1103L,N_S194L,NSP3_D807E,NSP12_P323L,Spike_D614G,Spike_Q675H,NS8_L4F,E_P71S)
hCoV-19/USA/CA-CDPH-2000012645/2020	EPI_ISL_7855238	2020-12-15	North America / USA / California / Los Angeles County	Human			unknown	unknown	unknown		Original			B.1.243	G	(NSP2_L462F,NSP3_P1103L,N_S194L,NS3_V77F,NSP3_D807E,NSP12_P323L,Spike_D614G,NSP3_K1804N,Spike_Q675H,Spike_A520S,E_P71S)
hCoV-19/USA/CA-CDPH-2000012680/2020	EPI_ISL_7855271	2020-12-15	North America / USA / California / Los Angeles County	Human			unknown	unknown	unknown		Original			B.1.243	G	(NS3_D27Y,NSP2_A510V,NSP3_A1215T,NS3_E241stop,NSP3_P1103L,N_S194L,NSP12_T739I,NSP14_L177F,NSP3_D807E,NSP12_P323L,Spike_D614G,Spike_Q675H,Spike_A520S,E_P71S)
hCoV-19/USA/CA-CDPH-2000012691/2020	EPI_ISL_7855281	2020-12-15	North America / USA / California / Los Angeles County	Human			unknown	unknown	unknown		Original			B.1.243	G	(NSP4_A69T,NSP2_A249V,N_S194L,NSP3_D807E,NSP14_A214V,NSP12_P323L,NSP3_H1274Y,Spike_D614G,NSP6_L37F,Spike_Q675H)
hCoV-19/USA/CA-CDPH-2000012911/2020	EPI_ISL_7855498	2020-12-15	North America / USA / California / Los Angeles County	Human			unknown	unknown	unknown		Original			B.1.243	G	(NSP2_A596P,NSP3_K1330N,N_S194L,NSP4_A231V,Spike_L5F,NSP15_S147I,NSP4_A446T,NS8_V62L,NSP12_P323L,Spike_D614G,NSP14_S255I,NSP3_M829I)
hCoV-19/USA/CA-CDPH-2000012952/2020	EPI_ISL_7855538	2020-12-15	North America / USA / California / Los Angeles County	Human			unknown	unknown	unknown		Original			B.1.243	G	(NSP9_V7I,NS8_I121L,N_S194L,NSP6_T181I,NSP12_P323L,NSP2_G438D,Spike_P681H,Spike_D614G,NSP3_P395L)
hCoV-19/USA/CA-CDPH-2000012996/2020	EPI_ISL_7855580	2020-12-15	North America / USA / California / Los Angeles County	Human			unknown	unknown	unknown		Original			B.1.243	G	(NSP8_T89A,NSP3_T182I,N_S194L,NSP8_P10S,NSP14_A353V,NSP14_D258G,NSP12_P323L,Spike_P681H,Spike_D614G,NSP2_S138L)
hCoV-19/USA/CA-CDPH-2000013006/2020	EPI_ISL_7855590	2020-12-15	North America / USA / California / Los Angeles County	Human			unknown	unknown	unknown		Original			B.1.243	G	(NSP3_A1305V,NS3_S40L,N_S194L,NSP3_T611I,NSP12_P323L,Spike_D614G,NSP6_L37F,NSP15_I252V,Spike_S689I)
hCoV-19/USA/CA-CDPH-2000013008/2020	EPI_ISL_7855592	2020-12-16	North America / USA / California / Los Angeles County	Human			unknown	unknown	unknown		Original			B.1.243	G	(N_S194L,NSP12_C697F,NSP12_P323L,Spike_P681H,Spike_D614G,NSP3_T1793I)
hCoV-19/USA/CA-CDPH-2000013064/2020	EPI_ISL_7855647	2020-12-15	North America / USA / California / Los Angeles County	Human			unknown	unknown	unknown		Original			B.1.243	G	(NS3_A23S,NSP3_T1465I,NSP1_L27F,NS3_R122I,N_S194L,NS3_H227R,NSP12_P323L,Spike_D614G,NSP3_D622G,Spike_V1122L,Spike_C1235F)
hCoV-19/USA/CA-CDPH-2000013100/2020	EPI_ISL_7855683	2020-12-16	North America / USA / California / Los Angeles County	Human			unknown	unknown	unknown		Original			B.1.243	G	(NSP3_N1705T,N_S194L,NSP3_V170A,NSP3_G1300D,NSP12_P323L,NSP2_L271I,Spike_P681H,Spike_D614G,NSP2_V258A)
hCoV-19/USA/CA-CDPH-2000013109/2020	EPI_ISL_7855691	2020-12-15	North America / USA / California / Los Angeles County	Human			unknown	unknown	unknown		Original			B.1.243	G	(N_S2F,N_S194L,NSP3_A1775V,NSP5_S254F,NSP3_K902R,NSP12_P323L,Spike_D614G,NSP2_A26T)
hCoV-19/USA/CA-CDPH-2000015852/2020	EPI_ISL_7855821	2020-12-16	North America / USA / California / Los Angeles County	Human			unknown	unknown	unknown		Original			B.1.243	G	(N_S2F,N_S194L,NSP3_A1775V,NSP5_S254F,NSP12_P323L,Spike_D614G,NSP2_A26T)
hCoV-19/USA/CA-CDPH-2000015865/2020	EPI_ISL_7855834	2020-12-16	North America / USA / California / Los Angeles County	Human			unknown	unknown	unknown		Original			B.1.243	G	(NSP1_K120N,N_S194L,NSP13_L176F,NSP5_T21I,NSP14_V287F,NSP12_P323L,Spike_D614G,NSP16_A34V)
hCoV-19/USA/CA-CDPH-2000015944/2020	EPI_ISL_7855899	2020-12-16	North America / USA / California / Los Angeles County	Human			unknown	unknown	unknown		Original			B.1.243	G	(NSP8_T89A,NSP3_T182I,N_S194L,NSP8_P10S,NSP14_A353V,NSP14_D258G,NSP12_P323L,Spike_P681H,Spike_D614G,NSP2_S138L)
hCoV-19/USA/CA-CDPH-2000011239/2020	EPI_ISL_7856576	2020-12-12	North America / USA / California / Los Angeles County	Human			unknown	unknown	unknown		Original			B.1.243	G	(N_S194L,NSP12_P323L,Spike_P681H,Spike_D614G)
hCoV-19/USA/CA-CDPH-2000011240/2020	EPI_ISL_7856577	2020-12-12	North America / USA / California / Los Angeles County	Human			unknown	unknown	unknown		Original			B.1.243	G	(NSP15_G129C,NSP3_V1312A,N_S194L,NSP1_V28I,NS7a_F6S,NS3_V13L,Spike_T29I,NSP12_P323L,Spike_D614G)
hCoV-19/USA/CA-CDPH-2000011381/2020	EPI_ISL_7856716	2020-12-13	North America / USA / California / Los Angeles County	Human			unknown	unknown	unknown		Original			B.1.243	G	(N_S194L,NS3_L53F,NSP14_S357I,N_P13L,NSP12_P323L,Spike_D614G,NSP3_P340S,NSP13_M274I,NSP12_D824A)
hCoV-19/USA/CA-CDPH-2000011814/2020	EPI_ISL_7856813	2020-12-14	North America / USA / California / Los Angeles County	Human			unknown	unknown	unknown		Original			B.1.243	G	(NSP4_A69T,NSP2_A249V,N_S194L,NSP3_D807E,NSP14_A214V,NSP12_P323L,Spike_D614G,NSP6_L37F,Spike_Q675H)
hCoV-19/USA/CA-CDPH-2000011832/2020	EPI_ISL_7856822	2020-12-14	North America / USA / California / Los Angeles County	Human			unknown	unknown	unknown		Original			B.1.243	G	(NSP1_P80H,NSP3_D807E,NS3_T151I,NSP12_P323L,Spike_D614G,Spike_Q675H)
hCoV-19/USA/CA-CDPH-2000011838/2020	EPI_ISL_7856826	2020-12-13	North America / USA / California / Los Angeles County	Human			unknown	unknown	unknown		Original			B.1.243	G	(N_S194L,NS3_T151I,NSP2_K338R,NSP12_P323L,Spike_D614G,NSP6_L37F,Spike_Q675H)
hCoV-19/USA/CA-CDPH-2000011866/2020	EPI_ISL_7856854	2020-12-14	North America / USA / California / Los Angeles County	Human			unknown	unknown	unknown		Original			B.1.243	G	(NSP2_M117V,NSP3_K1679N,N_S194L,NS3_T89I,NS3_I35K,NSP12_P323L,Spike_D614G,NSP6_L37F)
hCoV-19/USA/CA-CDPH-2000012026/2020	EPI_ISL_7857011	2020-12-14	North America / USA / California / Los Angeles County	Human			unknown	unknown	unknown		Original			B.1.243	G	(NSP15_P205S,NS7b_I26L,NS7b_M24C,N_S194L,NS7b_L17C,NS7b_L22stop,NS7b_V21F,NSP12_P323L,NS7b_I23L,Spike_P681H,Spike_D614G,NS7b_L14stop,NS7b_A15P,NS7b_F19S,NS7b_I27S,NS7b_L18Y,NSP13_D204Y)
hCoV-19/USA/CA-CDPH-2000012050/2020	EPI_ISL_7857035	2020-12-14	North America / USA / California / Los Angeles County	Human			unknown	unknown	unknown		Original			B.1.243	G	(NSP2_A596P,NSP3_K1330N,N_S194L,Spike_L5F,NSP15_S147I,NSP4_A446T,NS8_V62L,NSP12_P323L,Spike_D614G,NSP14_S255I,NSP3_M829I)
hCoV-19/USA/CA-CDPH-2000012091/2020	EPI_ISL_7857076	2020-12-14	North America / USA / California / Los Angeles County	Human			unknown	unknown	unknown		Original			B.1.243	G	(NSP2_A127V,NSP12_D910G,N_S194L,NS3_D27G,NSP13_T250I,NSP12_P323L,Spike_D614G,NS3_G174D)
hCoV-19/USA/CA-CDPH-2000012142/2020	EPI_ISL_7857127	2020-12-15	North America / USA / California / Los Angeles County	Human			unknown	unknown	unknown		Original			B.1.243	G	(NSP4_A69T,NSP2_A249V,N_S194L,NSP3_D807E,NSP12_P323L,Spike_D614G,Spike_Q675H)
hCoV-19/USA/CA-CDPH-2000008194/2020	EPI_ISL_7857453	2020-12-11	North America / USA / California / Los Angeles County	Human			unknown	unknown	unknown		Original			B.1.243	G	(NSP2_L462F,NSP12_H572Y,NSP3_P1103L,N_S194L,NS3_V77F,NSP3_D807E,NSP12_P323L,Spike_D614G,NSP3_K1804N,Spike_Q675H,Spike_A520S,E_P71S)
hCoV-19/USA/CA-CDPH-2000008431/2020	EPI_ISL_7857681	2020-12-09	North America / USA / California / Los Angeles County	Human			unknown	unknown	unknown		Original			B.1.243	G	(NS7b_S31L,N_L382S,N_S194L,NSP2_T632I,NSP12_P323L,Spike_D614G)
hCoV-19/USA/CA-CDPH-2000008704/2020	EPI_ISL_7857906	2020-12-11	North America / USA / California / Los Angeles County	Human			unknown	unknown	unknown		Original			B.1.243	G	(NSP3_T182I,N_S194L,NSP8_P10S,NSP14_A353V,NSP14_D258G,NSP12_P323L,Spike_P681H,Spike_D614G,NSP2_S138L)
hCoV-19/USA/CA-CDPH-2000016122/2020	EPI_ISL_7858428	2020-12-16	North America / USA / California / Los Angeles County	Human			unknown	unknown	unknown		Original			B.1.243	G	(NSP2_A510V,NSP3_P1103L,N_S194L,NSP3_D807E,NSP12_P323L,Spike_D614G,Spike_Q675H,Spike_A520S,E_P71S,NSP3_S699F)
hCoV-19/USA/CA-CDPH-2000016133/2020	EPI_ISL_7858439	2020-12-16	North America / USA / California / Los Angeles County	Human			unknown	unknown	unknown		Original			B.1.243	G	(N_S2F,N_S194L,NSP3_A1775V,NSP5_S254F,Spike_E583D,NSP12_P323L,Spike_D614G,NSP2_A26T)
hCoV-19/USA/CA-CDPH-2000016196/2020	EPI_ISL_7858502	2020-12-17	North America / USA / California / Los Angeles County	Human			unknown	unknown	unknown		Original			B.1.243	G	(NSP12_T806I,NSP2_T310I,N_S194L,NSP2_P129L,NSP15_V121I,NSP3_T779I,NSP2_T176A,NS3_T223I,NSP12_P323L,Spike_P681H,Spike_D614G,NS3_W131R)
hCoV-19/USA/CA-CDPH-2000016316/2020	EPI_ISL_7858620	2020-12-16	North America / USA / California / Los Angeles County	Human			unknown	unknown	unknown		Original			B.1.243	G	(NSP3_T1465I,NSP16_M270I,N_S194L,NSP12_T739I,NS3_M260K,NSP12_P323L,Spike_D614G,NS7a_V74F,Spike_C1235F)
hCoV-19/USA/CA-CDPH-2000016323/2020	EPI_ISL_7858627	2020-12-16	North America / USA / California / Los Angeles County	Human			unknown	unknown	unknown		Original			B.1.243	G	(NSP4_A69T,NSP2_A249V,N_S194L,NSP2_T166I,NSP3_D807E,NSP12_P323L,Spike_D614G,Spike_Q675H)
hCoV-19/USA/CA-CDPH-2000016325/2020	EPI_ISL_7858629	2020-12-16	North America / USA / California / Los Angeles County	Human			unknown	unknown	unknown		Original			B.1.243	G	(NSP4_A69T,NSP2_A249V,N_S194L,NSP2_T166I,NSP3_D807E,NSP12_P323L,Spike_D614G,Spike_Q675H)
hCoV-19/USA/CA-CDPH-2000016326/2020	EPI_ISL_7858630	2020-12-16	North America / USA / California / Los Angeles County	Human			unknown	unknown	unknown		Original			B.1.243	G	(NSP4_A69T,NSP2_A249V,N_S194L,NSP2_T166I,NSP3_D807E,NSP12_P323L,Spike_D614G,Spike_Q675H)
hCoV-19/USA/CA-LACPHL-AF00121/2021	EPI_ISL_794646	2021-01-06	North America / USA / California / Los Angeles County	Human		Baseline surveillance	unknown	unknown	unknown		Original			B.1.243	G	(N_S194L,NSP6_L276F,NSP7_N78S,NSP12_P323L,Spike_P681H,Spike_D614G,NSP3_N1205K)
hCoV-19/USA/CA-LACPHL-AF00123/2021	EPI_ISL_794648	2021-01-06	North America / USA / California / Los Angeles County	Human		Baseline surveillance	unknown	unknown	unknown		Original			B.1.243	G	(NSP4_A69T,NSP2_A249V,N_S194L,NSP3_D807E,NS3_L108F,NSP12_P323L,Spike_D614G,Spike_Q675H)
hCoV-19/USA/CA-CSMC148/2020	EPI_ISL_824561	2020-12-20	North America / USA / California / Los Angeles County	Human			Female	74	Hospitalized		Original			B.1.243	G	(N_S194L,NSP12_P323L,Spike_P681H,Spike_D614G)
hCoV-19/USA/CA-CSMC197/2020	EPI_ISL_824607	2020-12-27	North America / USA / California / Los Angeles County	Human			Female	30	Live		Original			B.1.243	G	(NSP8_N108H,NSP2_A510V,N_M234I,NSP3_P1103L,N_S194L,NSP3_D807E,NSP3_M1747I,NSP9_T21I,NSP12_P323L,Spike_D614G,Spike_Q675H,Spike_A520S,E_P71S)
hCoV-19/USA/CA-CSMC218/2020	EPI_ISL_824626	2020-12-20	North America / USA / California / Los Angeles County	Human			Female	36	Live		Original			B.1.243	G	(NSP3_A1305V,N_S194L,NS3_A72V,NSP3_K1382N,NSP13_P504S,NSP3_T611I,NSP3_V56F,NSP12_P323L,Spike_A262S,Spike_D614G,NSP14_S255I)
hCoV-19/USA/CA-CSMC228/2020	EPI_ISL_824636	2020-12-26	North America / USA / California / Los Angeles County	Human			Female	35	Live		Original			B.1.243	G	(NSP14_T113I,N_S194L,NSP3_N854D,NSP12_P323L,Spike_P681H,Spike_D614G)
hCoV-19/USA/CA-CSMC260/2020	EPI_ISL_824666	2020-12-07	North America / USA / California / Los Angeles County	Human			Female	40	Live		Original			B.1.243	G	(NS6_I17L,N_S194L,NSP4_P187S,Spike_V622F,NSP3_S1375F,NSP3_N51S,NSP12_P323L,Spike_P681H,Spike_D614G,NSP4_I27T)
hCoV-19/USA/CA-CSMC300/2020	EPI_ISL_824706	2020-11-22	North America / USA / California / Los Angeles County	Human			Female	96	Released		Original			B.1.243	G	(Spike_T95I,Spike_R190S,N_S194L,NS3_D173V,NS8_S54L,NSP12_P323L,Spike_D614G)
hCoV-19/USA/CA-CSMC309/2020	EPI_ISL_824715	2020-12-21	North America / USA / California / Los Angeles County	Human			Female	73	Released		Original			B.1.243	G	(NSP2_A510V,N_M234I,NSP3_P1103L,N_S194L,NSP3_D807E,NSP3_M1747I,NSP9_T21I,NSP12_P323L,Spike_D614G,Spike_Q675H,Spike_A520S,E_P71S,NSP2_K312E)
hCoV-19/USA/CA-LACPHL-AF00125/2020	EPI_ISL_832106	2020-12-15	North America / USA / California / Los Angeles County	Human		Baseline surveillance	unknown	unknown	unknown		Original			B.1.243	G	(N_S194L,NSP12_P323L,Spike_P681H,Spike_D614G,NSP3_N1457D)
hCoV-19/USA/CA-CDPH-UC586/2020	EPI_ISL_847596	2020-12-29	North America / USA / California / Los Angeles County	Human			unknown	unknown	unknown		Original	Nasopharyngeal swab		B.1.243	G	(N_S194L,NS3_V88L,N_P13L,NS3_T223I,NSP12_L829F,NSP12_P323L,NSP3_H1274Y,Spike_D614G,NSP2_Q383H,Spike_G1167V)
hCoV-19/USA/CA-CDPH-3000014093/2021	EPI_ISL_8503510	2021-02-12	North America / USA / California / Los Angeles County	Human			unknown	unknown	unknown		Original			B.1.243	G	(NS7b_F19L,NSP3_M988I,NSP3_P1103L,N_S194L,NSP3_T428I,NSP2_V381F,NSP3_D807E,NSP15_V131L,NSP12_P323L,Spike_D614G,Spike_Q675H,NSP12_R173C,Spike_A520S,E_P71S,NSP2_V258A)
hCoV-19/USA/CA-CDPH-3000014471/2021	EPI_ISL_8503568	2021-02-06	North America / USA / California / Los Angeles County	Human			unknown	unknown	unknown		Original			B.1.243	G	(NS7b_F19L,NSP3_M988I,NSP3_P1103L,N_S194L,NSP3_T428I,NSP2_V381F,NSP3_D807E,NSP15_V131L,NSP12_P323L,Spike_D614G,Spike_Q675H,NSP12_R173C,Spike_A520S,E_P71S,NSP2_V258A)
hCoV-19/USA/CA-CDPH-3000015619/2021	EPI_ISL_8503803	2021-02-15	North America / USA / California / Los Angeles County	Human			unknown	unknown	unknown		Original			B.1.243	G	(NSP3_P1103L,N_S194L,NSP3_D807E,NSP12_P323L,Spike_D614G,Spike_Q675H,Spike_A520S,E_P71S)
hCoV-19/USA/CA-CDPH-3000022030/2021	EPI_ISL_8506210	2021-02-20	North America / USA / California / Los Angeles County	Human			unknown	unknown	unknown		Original			B.1.243	G	(NSP15_P262L,N_S194L,NSP15_T166I,NSP3_Q173L,NSP5_P132S,NSP3_V987I,NSP12_P323L,Spike_D614G,Spike_Q675H,NSP1_D48G,NSP12_D161Y)
hCoV-19/USA/CA-CDPH-3000015622/2021	EPI_ISL_8508249	2021-02-11	North America / USA / California / Los Angeles County	Human			unknown	unknown	unknown		Original			B.1.243	G	(N_M210L,NSP2_A510V,NSP3_P1103L,NSP3_D807E,NSP12_P323L,Spike_D614G,Spike_L54F,NSP2_I42V,Spike_Q675H,Spike_A520S,E_P71S,NSP3_A1819T)
hCoV-19/USA/CA-CDPH-3000027837/2021	EPI_ISL_8634987	2021-02-04	North America / USA / California / Los Angeles County	Human			unknown	unknown	unknown		Original			B.1.243	G	(NSP3_N1705T,NSP15_V317F,N_S194L,NSP3_V170A,NSP3_G1300D,Spike_L5F,NSP12_P323L,Spike_P681H,Spike_D614G,NSP2_V258A)
hCoV-19/USA/CA-LACPHL-AF00201/2021	EPI_ISL_882975	2021-01-12	North America / USA / California / Los Angeles County	Human		Baseline surveillance	unknown	unknown	unknown		Original			B.1.243	G	(N_S194L,NSP4_V315I,NSP12_P323L,Spike_P681H,Spike_D614G,Spike_S443A,NSP3_P395L)
hCoV-19/USA/CA-LACPHL-AF00282/2021	EPI_ISL_905790	2021-01-17	North America / USA / California / Los Angeles County	Human		Baseline surveillance	unknown	unknown	unknown		Original			B.1.243	G	(NSP3_P1103L,N_S194L,NS3_L53F,NSP9_T19I,NSP3_D807E,NSP3_L1035F,NSP12_P323L,NSP3_I1030M,NSP16_R287I,Spike_D614G,Spike_Q675H,Spike_A520S,E_P71S,NSP3_P125S)
hCoV-19/USA/CA-LACPHL-AF00309/2021	EPI_ISL_917950	2021-01-09	North America / USA / California / Los Angeles County	Human		Baseline surveillance	unknown	unknown	unknown		Original			B.1.243	G	(Spike_V289I,N_S194L,Spike_Q1071L,NSP12_P323L,Spike_P681H,Spike_D614G,NSP6_L37F)
hCoV-19/USA/CA-LACPHL-AF00325/2021	EPI_ISL_962505	2021-01-23	North America / USA / California / Los Angeles County	Human		Baseline surveillance	unknown	unknown	unknown		Original			B.1.243	G	(NSP9_V7I,Spike_I1216V,N_S194L,NSP6_T181I,NSP6_K8R,NSP12_P323L,Spike_P681H,Spike_D614G,NSP3_P395L)
hCoV-19/USA/CA-CDPH-UC1534/2020	EPI_ISL_984409	2020-09-14	North America / USA / California / Los Angeles County	Human			unknown	unknown	unknown		Original	Nasopharyngeal swab		B.1.243	G	(NSP3_A480V,NSP2_A476V,N_S194L,NSP12_P323L,Spike_D614G,NSP16_A34V)
hCoV-19/USA/CA-CDPH-UC1428/2021	EPI_ISL_984436	2021-01-04	North America / USA / California / Los Angeles County	Human			unknown	unknown	unknown		Original	Nasopharyngeal swab		B.1.243	G	(NS3_D142H,N_S194L,N_D103Y,NSP14_L27I,NSP12_P323L,Spike_D614G,NSP6_V149F)
hCoV-19/USA/CA-CDPH-UC1451/2021	EPI_ISL_984472	2021-01-05	North America / USA / California / Los Angeles County	Human			unknown	unknown	unknown		Original	Nasopharyngeal swab		B.1.243	G	(NS7b_M24I,NSP3_V1229F,N_S194L,N_D402Y,NS3_G224C,NSP3_D807E,NSP5_M264I,NSP12_P323L,Spike_D614G,NSP6_L37F,NSP3_P985S,NSP8_A74V)
hCoV-19/USA/CA-CDPH-UC1472/2021	EPI_ISL_984488	2021-01-04	North America / USA / California / Los Angeles County	Human			unknown	unknown	unknown		Original	Nasopharyngeal swab		B.1.243	G	(Spike_V1065L,N_S194L,NSP6_T181I,NSP13_D207E,NSP12_P323L,NSP3_S1735F,Spike_P681H,Spike_D614G,NSP3_P395L)
hCoV-19/USA/CA-CDPH-UC1488/2020	EPI_ISL_984504	2020-09-03	North America / USA / California / Los Angeles County	Human			unknown	unknown	unknown		Original	Nasopharyngeal swab		B.1.243	G	(N_S194L,NSP12_P323L,Spike_P681H,Spike_D614G)
hCoV-19/USA/CA-CDPH-UC1495/2020	EPI_ISL_984511	2020-09-05	North America / USA / California / Los Angeles County	Human			unknown	unknown	unknown		Original	Nasopharyngeal swab		B.1.243	G	(NSP3_A1527V,N_S194L,Spike_A1020V,NSP12_P323L,Spike_D614G,NSP5_N142D,NSP16_A34V,NSP3_A498S)
hCoV-19/USA/CA-CDPH-UC1503/2020	EPI_ISL_984518	2020-09-02	North America / USA / California / Los Angeles County	Human			unknown	unknown	unknown		Original	Nasopharyngeal swab		B.1.243	G	(NSP3_M1436T,N_S194L,NSP12_R750L,NSP12_P323L,Spike_D614G,NSP13_V210I,NSP16_A34V)
hCoV-19/USA/CA-CDPH-UC1517/2020	EPI_ISL_984532	2020-09-10	North America / USA / California / Los Angeles County	Human			unknown	unknown	unknown		Original	Nasopharyngeal swab		B.1.243	O	(Spike_T95I,N_S194L,NSP2_K500N,NSP12_P169S,NSP12_P323L,Spike_D614G)
hCoV-19/USA/CA-CDPH-UC1537/2020	EPI_ISL_984551	2020-09-14	North America / USA / California / Los Angeles County	Human			unknown	unknown	unknown		Original	Nasopharyngeal swab		B.1.243	G	(NSP6_M92I,N_S194L,NSP3_T479I,NSP12_A449V,NSP12_P323L,Spike_D614G,NS3_A39T)
hCoV-19/USA/CA-CDPH-UC1545/2020	EPI_ISL_984558	2020-09-12	North America / USA / California / Los Angeles County	Human			unknown	unknown	unknown		Original	Nasopharyngeal swab		B.1.243	G	(NSP3_T1269I,N_S194L,NSP12_P323L,Spike_D614G,NSP16_G77R)
hCoV-19/USA/CA-CDPH-UC1548/2020	EPI_ISL_984561	2020-11-05	North America / USA / California / Los Angeles County	Human			unknown	unknown	unknown		Original	Nasopharyngeal swab		B.1.243	G	(N_S194L,NS7a_S36Y,NSP10_T49I,NSP12_D194G,Spike_D614G,NSP2_C477Y,NSP16_K160R,NSP13_V169I)
